DATAFLOW,LAST UPDATE,freq,hhtyp,incgrp,unit,geo,TIME_PERIOD,OBS_VALUE,OBS_FLAG
ESTAT:ILC_MDES01(1.0),04/10/24 23:00:00,A,TOTAL,TOTAL,PC,AL,2017,38.7,
ESTAT:ILC_MDES01(1.0),04/10/24 23:00:00,A,TOTAL,TOTAL,PC,AL,2018,33.3,
ESTAT:ILC_MDES01(1.0),04/10/24 23:00:00,A,TOTAL,TOTAL,PC,AL,2019,36.8,
ESTAT:ILC_MDES01(1.0),04/10/24 23:00:00,A,TOTAL,TOTAL,PC,AL,2020,35.8,
ESTAT:ILC_MDES01(1.0),04/10/24 23:00:00,A,TOTAL,TOTAL,PC,AL,2021,37.7,
ESTAT:ILC_MDES01(1.0),04/10/24 23:00:00,A,TOTAL,TOTAL,PC,AT,2003,2.9,
ESTAT:ILC_MDES01(1.0),04/10/24 23:00:00,A,TOTAL,TOTAL,PC,AT,2004,2.3,
ESTAT:ILC_MDES01(1.0),04/10/24 23:00:00,A,TOTAL,TOTAL,PC,AT,2005,3.2,
ESTAT:ILC_MDES01(1.0),04/10/24 23:00:00,A,TOTAL,TOTAL,PC,AT,2006,3.8,
ESTAT:ILC_MDES01(1.0),04/10/24 23:00:00,A,TOTAL,TOTAL,PC,AT,2007,2.6,
ESTAT:ILC_MDES01(1.0),04/10/24 23:00:00,A,TOTAL,TOTAL,PC,AT,2008,3.9,b
ESTAT:ILC_MDES01(1.0),04/10/24 23:00:00,A,TOTAL,TOTAL,PC,AT,2009,2.9,
ESTAT:ILC_MDES01(1.0),04/10/24 23:00:00,A,TOTAL,TOTAL,PC,AT,2010,3.8,
ESTAT:ILC_MDES01(1.0),04/10/24 23:00:00,A,TOTAL,TOTAL,PC,AT,2011,2.7,
ESTAT:ILC_MDES01(1.0),04/10/24 23:00:00,A,TOTAL,TOTAL,PC,AT,2012,3.2,
ESTAT:ILC_MDES01(1.0),04/10/24 23:00:00,A,TOTAL,TOTAL,PC,AT,2013,2.7,
ESTAT:ILC_MDES01(1.0),04/10/24 23:00:00,A,TOTAL,TOTAL,PC,AT,2014,3.2,
ESTAT:ILC_MDES01(1.0),04/10/24 23:00:00,A,TOTAL,TOTAL,PC,AT,2015,2.6,
ESTAT:ILC_MDES01(1.0),04/10/24 23:00:00,A,TOTAL,TOTAL,PC,AT,2016,2.7,
ESTAT:ILC_MDES01(1.0),04/10/24 23:00:00,A,TOTAL,TOTAL,PC,AT,2017,2.4,
ESTAT:ILC_MDES01(1.0),04/10/24 23:00:00,A,TOTAL,TOTAL,PC,AT,2018,1.6,
ESTAT:ILC_MDES01(1.0),04/10/24 23:00:00,A,TOTAL,TOTAL,PC,AT,2019,1.8,
ESTAT:ILC_MDES01(1.0),04/10/24 23:00:00,A,TOTAL,TOTAL,PC,AT,2020,1.5,
ESTAT:ILC_MDES01(1.0),04/10/24 23:00:00,A,TOTAL,TOTAL,PC,AT,2021,1.7,
ESTAT:ILC_MDES01(1.0),04/10/24 23:00:00,A,TOTAL,TOTAL,PC,AT,2022,2.7,
ESTAT:ILC_MDES01(1.0),04/10/24 23:00:00,A,TOTAL,TOTAL,PC,AT,2023,3.9,
ESTAT:ILC_MDES01(1.0),04/10/24 23:00:00,A,TOTAL,TOTAL,PC,BE,2003,6.0,
ESTAT:ILC_MDES01(1.0),04/10/24 23:00:00,A,TOTAL,TOTAL,PC,BE,2004,6.4,
ESTAT:ILC_MDES01(1.0),04/10/24 23:00:00,A,TOTAL,TOTAL,PC,BE,2005,14.1,
ESTAT:ILC_MDES01(1.0),04/10/24 23:00:00,A,TOTAL,TOTAL,PC,BE,2006,14.5,
ESTAT:ILC_MDES01(1.0),04/10/24 23:00:00,A,TOTAL,TOTAL,PC,BE,2007,14.6,
ESTAT:ILC_MDES01(1.0),04/10/24 23:00:00,A,TOTAL,TOTAL,PC,BE,2008,6.4,
ESTAT:ILC_MDES01(1.0),04/10/24 23:00:00,A,TOTAL,TOTAL,PC,BE,2009,5.1,
ESTAT:ILC_MDES01(1.0),04/10/24 23:00:00,A,TOTAL,TOTAL,PC,BE,2010,5.6,
ESTAT:ILC_MDES01(1.0),04/10/24 23:00:00,A,TOTAL,TOTAL,PC,BE,2011,7.1,
ESTAT:ILC_MDES01(1.0),04/10/24 23:00:00,A,TOTAL,TOTAL,PC,BE,2012,6.6,
ESTAT:ILC_MDES01(1.0),04/10/24 23:00:00,A,TOTAL,TOTAL,PC,BE,2013,5.8,
ESTAT:ILC_MDES01(1.0),04/10/24 23:00:00,A,TOTAL,TOTAL,PC,BE,2014,5.4,
ESTAT:ILC_MDES01(1.0),04/10/24 23:00:00,A,TOTAL,TOTAL,PC,BE,2015,5.2,
ESTAT:ILC_MDES01(1.0),04/10/24 23:00:00,A,TOTAL,TOTAL,PC,BE,2016,4.8,
ESTAT:ILC_MDES01(1.0),04/10/24 23:00:00,A,TOTAL,TOTAL,PC,BE,2017,5.8,
ESTAT:ILC_MDES01(1.0),04/10/24 23:00:00,A,TOTAL,TOTAL,PC,BE,2018,5.2,
ESTAT:ILC_MDES01(1.0),04/10/24 23:00:00,A,TOTAL,TOTAL,PC,BE,2019,3.9,b
ESTAT:ILC_MDES01(1.0),04/10/24 23:00:00,A,TOTAL,TOTAL,PC,BE,2020,4.1,
ESTAT:ILC_MDES01(1.0),04/10/24 23:00:00,A,TOTAL,TOTAL,PC,BE,2021,3.5,
ESTAT:ILC_MDES01(1.0),04/10/24 23:00:00,A,TOTAL,TOTAL,PC,BE,2022,5.1,
ESTAT:ILC_MDES01(1.0),04/10/24 23:00:00,A,TOTAL,TOTAL,PC,BE,2023,6.0,
ESTAT:ILC_MDES01(1.0),04/10/24 23:00:00,A,TOTAL,TOTAL,PC,BG,2005,69.5,
ESTAT:ILC_MDES01(1.0),04/10/24 23:00:00,A,TOTAL,TOTAL,PC,BG,2006,69.5,
ESTAT:ILC_MDES01(1.0),04/10/24 23:00:00,A,TOTAL,TOTAL,PC,BG,2007,67.4,
ESTAT:ILC_MDES01(1.0),04/10/24 23:00:00,A,TOTAL,TOTAL,PC,BG,2008,66.3,
ESTAT:ILC_MDES01(1.0),04/10/24 23:00:00,A,TOTAL,TOTAL,PC,BG,2009,64.2,
ESTAT:ILC_MDES01(1.0),04/10/24 23:00:00,A,TOTAL,TOTAL,PC,BG,2010,66.5,
ESTAT:ILC_MDES01(1.0),04/10/24 23:00:00,A,TOTAL,TOTAL,PC,BG,2011,46.3,
ESTAT:ILC_MDES01(1.0),04/10/24 23:00:00,A,TOTAL,TOTAL,PC,BG,2012,46.5,
ESTAT:ILC_MDES01(1.0),04/10/24 23:00:00,A,TOTAL,TOTAL,PC,BG,2013,44.9,
ESTAT:ILC_MDES01(1.0),04/10/24 23:00:00,A,TOTAL,TOTAL,PC,BG,2014,40.5,b
ESTAT:ILC_MDES01(1.0),04/10/24 23:00:00,A,TOTAL,TOTAL,PC,BG,2015,39.2,
ESTAT:ILC_MDES01(1.0),04/10/24 23:00:00,A,TOTAL,TOTAL,PC,BG,2016,39.2,b
ESTAT:ILC_MDES01(1.0),04/10/24 23:00:00,A,TOTAL,TOTAL,PC,BG,2017,36.5,
ESTAT:ILC_MDES01(1.0),04/10/24 23:00:00,A,TOTAL,TOTAL,PC,BG,2018,33.7,
ESTAT:ILC_MDES01(1.0),04/10/24 23:00:00,A,TOTAL,TOTAL,PC,BG,2019,30.1,
ESTAT:ILC_MDES01(1.0),04/10/24 23:00:00,A,TOTAL,TOTAL,PC,BG,2020,27.5,
ESTAT:ILC_MDES01(1.0),04/10/24 23:00:00,A,TOTAL,TOTAL,PC,BG,2021,23.7,
ESTAT:ILC_MDES01(1.0),04/10/24 23:00:00,A,TOTAL,TOTAL,PC,BG,2022,22.5,
ESTAT:ILC_MDES01(1.0),04/10/24 23:00:00,A,TOTAL,TOTAL,PC,BG,2023,20.7,
ESTAT:ILC_MDES01(1.0),04/10/24 23:00:00,A,TOTAL,TOTAL,PC,CH,2007,6.9,
ESTAT:ILC_MDES01(1.0),04/10/24 23:00:00,A,TOTAL,TOTAL,PC,CH,2008,6.9,
ESTAT:ILC_MDES01(1.0),04/10/24 23:00:00,A,TOTAL,TOTAL,PC,CH,2009,7.6,
ESTAT:ILC_MDES01(1.0),04/10/24 23:00:00,A,TOTAL,TOTAL,PC,CH,2010,7.3,
ESTAT:ILC_MDES01(1.0),04/10/24 23:00:00,A,TOTAL,TOTAL,PC,CH,2011,0.7,
ESTAT:ILC_MDES01(1.0),04/10/24 23:00:00,A,TOTAL,TOTAL,PC,CH,2012,0.4,
ESTAT:ILC_MDES01(1.0),04/10/24 23:00:00,A,TOTAL,TOTAL,PC,CH,2013,0.4,
ESTAT:ILC_MDES01(1.0),04/10/24 23:00:00,A,TOTAL,TOTAL,PC,CH,2014,0.7,b
ESTAT:ILC_MDES01(1.0),04/10/24 23:00:00,A,TOTAL,TOTAL,PC,CH,2015,0.6,
ESTAT:ILC_MDES01(1.0),04/10/24 23:00:00,A,TOTAL,TOTAL,PC,CH,2016,0.6,
ESTAT:ILC_MDES01(1.0),04/10/24 23:00:00,A,TOTAL,TOTAL,PC,CH,2017,0.4,
ESTAT:ILC_MDES01(1.0),04/10/24 23:00:00,A,TOTAL,TOTAL,PC,CH,2018,0.6,
ESTAT:ILC_MDES01(1.0),04/10/24 23:00:00,A,TOTAL,TOTAL,PC,CH,2019,0.3,
ESTAT:ILC_MDES01(1.0),04/10/24 23:00:00,A,TOTAL,TOTAL,PC,CH,2020,0.2,
ESTAT:ILC_MDES01(1.0),04/10/24 23:00:00,A,TOTAL,TOTAL,PC,CH,2021,0.4,
ESTAT:ILC_MDES01(1.0),04/10/24 23:00:00,A,TOTAL,TOTAL,PC,CH,2022,0.4,
ESTAT:ILC_MDES01(1.0),04/10/24 23:00:00,A,TOTAL,TOTAL,PC,CH,2023,0.5,
ESTAT:ILC_MDES01(1.0),04/10/24 23:00:00,A,TOTAL,TOTAL,PC,CY,2005,33.7,
ESTAT:ILC_MDES01(1.0),04/10/24 23:00:00,A,TOTAL,TOTAL,PC,CY,2006,33.8,
ESTAT:ILC_MDES01(1.0),04/10/24 23:00:00,A,TOTAL,TOTAL,PC,CY,2007,34.6,
ESTAT:ILC_MDES01(1.0),04/10/24 23:00:00,A,TOTAL,TOTAL,PC,CY,2008,29.2,b
ESTAT:ILC_MDES01(1.0),04/10/24 23:00:00,A,TOTAL,TOTAL,PC,CY,2009,21.7,
ESTAT:ILC_MDES01(1.0),04/10/24 23:00:00,A,TOTAL,TOTAL,PC,CY,2010,27.3,
ESTAT:ILC_MDES01(1.0),04/10/24 23:00:00,A,TOTAL,TOTAL,PC,CY,2011,26.6,
ESTAT:ILC_MDES01(1.0),04/10/24 23:00:00,A,TOTAL,TOTAL,PC,CY,2012,30.7,
ESTAT:ILC_MDES01(1.0),04/10/24 23:00:00,A,TOTAL,TOTAL,PC,CY,2013,30.5,
ESTAT:ILC_MDES01(1.0),04/10/24 23:00:00,A,TOTAL,TOTAL,PC,CY,2014,27.5,
ESTAT:ILC_MDES01(1.0),04/10/24 23:00:00,A,TOTAL,TOTAL,PC,CY,2015,28.3,
ESTAT:ILC_MDES01(1.0),04/10/24 23:00:00,A,TOTAL,TOTAL,PC,CY,2016,24.3,
ESTAT:ILC_MDES01(1.0),04/10/24 23:00:00,A,TOTAL,TOTAL,PC,CY,2017,22.9,
ESTAT:ILC_MDES01(1.0),04/10/24 23:00:00,A,TOTAL,TOTAL,PC,CY,2018,21.9,
ESTAT:ILC_MDES01(1.0),04/10/24 23:00:00,A,TOTAL,TOTAL,PC,CY,2019,21.0,
ESTAT:ILC_MDES01(1.0),04/10/24 23:00:00,A,TOTAL,TOTAL,PC,CY,2020,20.9,
ESTAT:ILC_MDES01(1.0),04/10/24 23:00:00,A,TOTAL,TOTAL,PC,CY,2021,19.4,
ESTAT:ILC_MDES01(1.0),04/10/24 23:00:00,A,TOTAL,TOTAL,PC,CY,2022,19.2,
ESTAT:ILC_MDES01(1.0),04/10/24 23:00:00,A,TOTAL,TOTAL,PC,CY,2023,16.9,
ESTAT:ILC_MDES01(1.0),04/10/24 23:00:00,A,TOTAL,TOTAL,PC,CZ,2005,9.3,
ESTAT:ILC_MDES01(1.0),04/10/24 23:00:00,A,TOTAL,TOTAL,PC,CZ,2006,8.9,
ESTAT:ILC_MDES01(1.0),04/10/24 23:00:00,A,TOTAL,TOTAL,PC,CZ,2007,6.1,
ESTAT:ILC_MDES01(1.0),04/10/24 23:00:00,A,TOTAL,TOTAL,PC,CZ,2008,6.0,
ESTAT:ILC_MDES01(1.0),04/10/24 23:00:00,A,TOTAL,TOTAL,PC,CZ,2009,5.2,
ESTAT:ILC_MDES01(1.0),04/10/24 23:00:00,A,TOTAL,TOTAL,PC,CZ,2010,5.2,
ESTAT:ILC_MDES01(1.0),04/10/24 23:00:00,A,TOTAL,TOTAL,PC,CZ,2011,6.4,
ESTAT:ILC_MDES01(1.0),04/10/24 23:00:00,A,TOTAL,TOTAL,PC,CZ,2012,6.7,
ESTAT:ILC_MDES01(1.0),04/10/24 23:00:00,A,TOTAL,TOTAL,PC,CZ,2013,6.2,
ESTAT:ILC_MDES01(1.0),04/10/24 23:00:00,A,TOTAL,TOTAL,PC,CZ,2014,6.1,
ESTAT:ILC_MDES01(1.0),04/10/24 23:00:00,A,TOTAL,TOTAL,PC,CZ,2015,5.0,
ESTAT:ILC_MDES01(1.0),04/10/24 23:00:00,A,TOTAL,TOTAL,PC,CZ,2016,3.8,
ESTAT:ILC_MDES01(1.0),04/10/24 23:00:00,A,TOTAL,TOTAL,PC,CZ,2017,3.1,
ESTAT:ILC_MDES01(1.0),04/10/24 23:00:00,A,TOTAL,TOTAL,PC,CZ,2018,2.7,
ESTAT:ILC_MDES01(1.0),04/10/24 23:00:00,A,TOTAL,TOTAL,PC,CZ,2019,2.8,
ESTAT:ILC_MDES01(1.0),04/10/24 23:00:00,A,TOTAL,TOTAL,PC,CZ,2020,2.2,
ESTAT:ILC_MDES01(1.0),04/10/24 23:00:00,A,TOTAL,TOTAL,PC,CZ,2021,2.2,
ESTAT:ILC_MDES01(1.0),04/10/24 23:00:00,A,TOTAL,TOTAL,PC,CZ,2022,2.9,
ESTAT:ILC_MDES01(1.0),04/10/24 23:00:00,A,TOTAL,TOTAL,PC,CZ,2023,6.1,
ESTAT:ILC_MDES01(1.0),04/10/24 23:00:00,A,TOTAL,TOTAL,PC,DE,2005,4.6,
ESTAT:ILC_MDES01(1.0),04/10/24 23:00:00,A,TOTAL,TOTAL,PC,DE,2006,5.5,
ESTAT:ILC_MDES01(1.0),04/10/24 23:00:00,A,TOTAL,TOTAL,PC,DE,2007,5.4,
ESTAT:ILC_MDES01(1.0),04/10/24 23:00:00,A,TOTAL,TOTAL,PC,DE,2008,5.9,
ESTAT:ILC_MDES01(1.0),04/10/24 23:00:00,A,TOTAL,TOTAL,PC,DE,2009,5.5,
ESTAT:ILC_MDES01(1.0),04/10/24 23:00:00,A,TOTAL,TOTAL,PC,DE,2010,5.0,
ESTAT:ILC_MDES01(1.0),04/10/24 23:00:00,A,TOTAL,TOTAL,PC,DE,2011,5.2,
ESTAT:ILC_MDES01(1.0),04/10/24 23:00:00,A,TOTAL,TOTAL,PC,DE,2012,4.7,
ESTAT:ILC_MDES01(1.0),04/10/24 23:00:00,A,TOTAL,TOTAL,PC,DE,2013,5.3,
ESTAT:ILC_MDES01(1.0),04/10/24 23:00:00,A,TOTAL,TOTAL,PC,DE,2014,4.9,
ESTAT:ILC_MDES01(1.0),04/10/24 23:00:00,A,TOTAL,TOTAL,PC,DE,2015,4.1,
ESTAT:ILC_MDES01(1.0),04/10/24 23:00:00,A,TOTAL,TOTAL,PC,DE,2016,3.7,
ESTAT:ILC_MDES01(1.0),04/10/24 23:00:00,A,TOTAL,TOTAL,PC,DE,2017,3.3,
ESTAT:ILC_MDES01(1.0),04/10/24 23:00:00,A,TOTAL,TOTAL,PC,DE,2018,2.7,
ESTAT:ILC_MDES01(1.0),04/10/24 23:00:00,A,TOTAL,TOTAL,PC,DE,2019,2.5,
ESTAT:ILC_MDES01(1.0),04/10/24 23:00:00,A,TOTAL,TOTAL,PC,DE,2020,7.0,b
ESTAT:ILC_MDES01(1.0),04/10/24 23:00:00,A,TOTAL,TOTAL,PC,DE,2021,3.3,
ESTAT:ILC_MDES01(1.0),04/10/24 23:00:00,A,TOTAL,TOTAL,PC,DE,2022,6.7,
ESTAT:ILC_MDES01(1.0),04/10/24 23:00:00,A,TOTAL,TOTAL,PC,DE,2023,8.2,
ESTAT:ILC_MDES01(1.0),04/10/24 23:00:00,A,TOTAL,TOTAL,PC,DK,2003,10.5,
ESTAT:ILC_MDES01(1.0),04/10/24 23:00:00,A,TOTAL,TOTAL,PC,DK,2004,10.1,
ESTAT:ILC_MDES01(1.0),04/10/24 23:00:00,A,TOTAL,TOTAL,PC,DK,2005,8.9,
ESTAT:ILC_MDES01(1.0),04/10/24 23:00:00,A,TOTAL,TOTAL,PC,DK,2006,9.4,
ESTAT:ILC_MDES01(1.0),04/10/24 23:00:00,A,TOTAL,TOTAL,PC,DK,2007,10.3,
ESTAT:ILC_MDES01(1.0),04/10/24 23:00:00,A,TOTAL,TOTAL,PC,DK,2008,1.7,
ESTAT:ILC_MDES01(1.0),04/10/24 23:00:00,A,TOTAL,TOTAL,PC,DK,2009,1.5,
ESTAT:ILC_MDES01(1.0),04/10/24 23:00:00,A,TOTAL,TOTAL,PC,DK,2010,1.9,
ESTAT:ILC_MDES01(1.0),04/10/24 23:00:00,A,TOTAL,TOTAL,PC,DK,2011,2.3,
ESTAT:ILC_MDES01(1.0),04/10/24 23:00:00,A,TOTAL,TOTAL,PC,DK,2012,2.5,
ESTAT:ILC_MDES01(1.0),04/10/24 23:00:00,A,TOTAL,TOTAL,PC,DK,2013,3.8,
ESTAT:ILC_MDES01(1.0),04/10/24 23:00:00,A,TOTAL,TOTAL,PC,DK,2014,2.9,
ESTAT:ILC_MDES01(1.0),04/10/24 23:00:00,A,TOTAL,TOTAL,PC,DK,2015,3.6,
ESTAT:ILC_MDES01(1.0),04/10/24 23:00:00,A,TOTAL,TOTAL,PC,DK,2016,2.7,
ESTAT:ILC_MDES01(1.0),04/10/24 23:00:00,A,TOTAL,TOTAL,PC,DK,2017,2.7,
ESTAT:ILC_MDES01(1.0),04/10/24 23:00:00,A,TOTAL,TOTAL,PC,DK,2018,3.0,
ESTAT:ILC_MDES01(1.0),04/10/24 23:00:00,A,TOTAL,TOTAL,PC,DK,2019,2.8,
ESTAT:ILC_MDES01(1.0),04/10/24 23:00:00,A,TOTAL,TOTAL,PC,DK,2020,3.0,
ESTAT:ILC_MDES01(1.0),04/10/24 23:00:00,A,TOTAL,TOTAL,PC,DK,2021,2.8,
ESTAT:ILC_MDES01(1.0),04/10/24 23:00:00,A,TOTAL,TOTAL,PC,DK,2022,5.1,
ESTAT:ILC_MDES01(1.0),04/10/24 23:00:00,A,TOTAL,TOTAL,PC,DK,2023,6.9,
ESTAT:ILC_MDES01(1.0),04/10/24 23:00:00,A,TOTAL,TOTAL,PC,EE,2004,5.8,
ESTAT:ILC_MDES01(1.0),04/10/24 23:00:00,A,TOTAL,TOTAL,PC,EE,2005,2.6,
ESTAT:ILC_MDES01(1.0),04/10/24 23:00:00,A,TOTAL,TOTAL,PC,EE,2006,2.3,
ESTAT:ILC_MDES01(1.0),04/10/24 23:00:00,A,TOTAL,TOTAL,PC,EE,2007,3.6,
ESTAT:ILC_MDES01(1.0),04/10/24 23:00:00,A,TOTAL,TOTAL,PC,EE,2008,1.1,
ESTAT:ILC_MDES01(1.0),04/10/24 23:00:00,A,TOTAL,TOTAL,PC,EE,2009,1.7,
ESTAT:ILC_MDES01(1.0),04/10/24 23:00:00,A,TOTAL,TOTAL,PC,EE,2010,3.1,
ESTAT:ILC_MDES01(1.0),04/10/24 23:00:00,A,TOTAL,TOTAL,PC,EE,2011,3.0,
ESTAT:ILC_MDES01(1.0),04/10/24 23:00:00,A,TOTAL,TOTAL,PC,EE,2012,4.2,
ESTAT:ILC_MDES01(1.0),04/10/24 23:00:00,A,TOTAL,TOTAL,PC,EE,2013,2.9,
ESTAT:ILC_MDES01(1.0),04/10/24 23:00:00,A,TOTAL,TOTAL,PC,EE,2014,1.7,b
ESTAT:ILC_MDES01(1.0),04/10/24 23:00:00,A,TOTAL,TOTAL,PC,EE,2015,2.0,
ESTAT:ILC_MDES01(1.0),04/10/24 23:00:00,A,TOTAL,TOTAL,PC,EE,2016,2.7,
ESTAT:ILC_MDES01(1.0),04/10/24 23:00:00,A,TOTAL,TOTAL,PC,EE,2017,2.9,
ESTAT:ILC_MDES01(1.0),04/10/24 23:00:00,A,TOTAL,TOTAL,PC,EE,2018,2.3,
ESTAT:ILC_MDES01(1.0),04/10/24 23:00:00,A,TOTAL,TOTAL,PC,EE,2019,2.5,
ESTAT:ILC_MDES01(1.0),04/10/24 23:00:00,A,TOTAL,TOTAL,PC,EE,2020,2.7,
ESTAT:ILC_MDES01(1.0),04/10/24 23:00:00,A,TOTAL,TOTAL,PC,EE,2021,2.0,
ESTAT:ILC_MDES01(1.0),04/10/24 23:00:00,A,TOTAL,TOTAL,PC,EE,2022,3.4,
ESTAT:ILC_MDES01(1.0),04/10/24 23:00:00,A,TOTAL,TOTAL,PC,EE,2023,4.1,
ESTAT:ILC_MDES01(1.0),04/10/24 23:00:00,A,TOTAL,TOTAL,PC,EL,2003,17.4,
ESTAT:ILC_MDES01(1.0),04/10/24 23:00:00,A,TOTAL,TOTAL,PC,EL,2004,16.8,
ESTAT:ILC_MDES01(1.0),04/10/24 23:00:00,A,TOTAL,TOTAL,PC,EL,2005,15.7,
ESTAT:ILC_MDES01(1.0),04/10/24 23:00:00,A,TOTAL,TOTAL,PC,EL,2006,12.0,
ESTAT:ILC_MDES01(1.0),04/10/24 23:00:00,A,TOTAL,TOTAL,PC,EL,2007,13.8,
ESTAT:ILC_MDES01(1.0),04/10/24 23:00:00,A,TOTAL,TOTAL,PC,EL,2008,15.4,
ESTAT:ILC_MDES01(1.0),04/10/24 23:00:00,A,TOTAL,TOTAL,PC,EL,2009,15.7,
ESTAT:ILC_MDES01(1.0),04/10/24 23:00:00,A,TOTAL,TOTAL,PC,EL,2010,15.4,
ESTAT:ILC_MDES01(1.0),04/10/24 23:00:00,A,TOTAL,TOTAL,PC,EL,2011,18.6,
ESTAT:ILC_MDES01(1.0),04/10/24 23:00:00,A,TOTAL,TOTAL,PC,EL,2012,26.1,
ESTAT:ILC_MDES01(1.0),04/10/24 23:00:00,A,TOTAL,TOTAL,PC,EL,2013,29.5,
ESTAT:ILC_MDES01(1.0),04/10/24 23:00:00,A,TOTAL,TOTAL,PC,EL,2014,32.9,
ESTAT:ILC_MDES01(1.0),04/10/24 23:00:00,A,TOTAL,TOTAL,PC,EL,2015,29.2,
ESTAT:ILC_MDES01(1.0),04/10/24 23:00:00,A,TOTAL,TOTAL,PC,EL,2016,29.1,
ESTAT:ILC_MDES01(1.0),04/10/24 23:00:00,A,TOTAL,TOTAL,PC,EL,2017,25.7,
ESTAT:ILC_MDES01(1.0),04/10/24 23:00:00,A,TOTAL,TOTAL,PC,EL,2018,22.7,
ESTAT:ILC_MDES01(1.0),04/10/24 23:00:00,A,TOTAL,TOTAL,PC,EL,2019,17.9,
ESTAT:ILC_MDES01(1.0),04/10/24 23:00:00,A,TOTAL,TOTAL,PC,EL,2020,17.1,
ESTAT:ILC_MDES01(1.0),04/10/24 23:00:00,A,TOTAL,TOTAL,PC,EL,2021,17.5,
ESTAT:ILC_MDES01(1.0),04/10/24 23:00:00,A,TOTAL,TOTAL,PC,EL,2022,18.7,
ESTAT:ILC_MDES01(1.0),04/10/24 23:00:00,A,TOTAL,TOTAL,PC,EL,2023,19.2,
ESTAT:ILC_MDES01(1.0),04/10/24 23:00:00,A,TOTAL,TOTAL,PC,ES,2004,9.5,
ESTAT:ILC_MDES01(1.0),04/10/24 23:00:00,A,TOTAL,TOTAL,PC,ES,2005,9.4,
ESTAT:ILC_MDES01(1.0),04/10/24 23:00:00,A,TOTAL,TOTAL,PC,ES,2006,10.1,
ESTAT:ILC_MDES01(1.0),04/10/24 23:00:00,A,TOTAL,TOTAL,PC,ES,2007,8.0,
ESTAT:ILC_MDES01(1.0),04/10/24 23:00:00,A,TOTAL,TOTAL,PC,ES,2008,5.9,
ESTAT:ILC_MDES01(1.0),04/10/24 23:00:00,A,TOTAL,TOTAL,PC,ES,2009,7.2,b
ESTAT:ILC_MDES01(1.0),04/10/24 23:00:00,A,TOTAL,TOTAL,PC,ES,2010,7.5,
ESTAT:ILC_MDES01(1.0),04/10/24 23:00:00,A,TOTAL,TOTAL,PC,ES,2011,6.5,
ESTAT:ILC_MDES01(1.0),04/10/24 23:00:00,A,TOTAL,TOTAL,PC,ES,2012,9.1,
ESTAT:ILC_MDES01(1.0),04/10/24 23:00:00,A,TOTAL,TOTAL,PC,ES,2013,8.0,
ESTAT:ILC_MDES01(1.0),04/10/24 23:00:00,A,TOTAL,TOTAL,PC,ES,2014,11.1,
ESTAT:ILC_MDES01(1.0),04/10/24 23:00:00,A,TOTAL,TOTAL,PC,ES,2015,10.6,
ESTAT:ILC_MDES01(1.0),04/10/24 23:00:00,A,TOTAL,TOTAL,PC,ES,2016,10.1,
ESTAT:ILC_MDES01(1.0),04/10/24 23:00:00,A,TOTAL,TOTAL,PC,ES,2017,8.0,
ESTAT:ILC_MDES01(1.0),04/10/24 23:00:00,A,TOTAL,TOTAL,PC,ES,2018,9.1,
ESTAT:ILC_MDES01(1.0),04/10/24 23:00:00,A,TOTAL,TOTAL,PC,ES,2019,7.5,
ESTAT:ILC_MDES01(1.0),04/10/24 23:00:00,A,TOTAL,TOTAL,PC,ES,2020,10.9,
ESTAT:ILC_MDES01(1.0),04/10/24 23:00:00,A,TOTAL,TOTAL,PC,ES,2021,14.2,
ESTAT:ILC_MDES01(1.0),04/10/24 23:00:00,A,TOTAL,TOTAL,PC,ES,2022,17.1,
ESTAT:ILC_MDES01(1.0),04/10/24 23:00:00,A,TOTAL,TOTAL,PC,ES,2023,20.8,
ESTAT:ILC_MDES01(1.0),04/10/24 23:00:00,A,TOTAL,TOTAL,PC,FI,2004,3.3,
ESTAT:ILC_MDES01(1.0),04/10/24 23:00:00,A,TOTAL,TOTAL,PC,FI,2005,2.6,
ESTAT:ILC_MDES01(1.0),04/10/24 23:00:00,A,TOTAL,TOTAL,PC,FI,2006,2.4,
ESTAT:ILC_MDES01(1.0),04/10/24 23:00:00,A,TOTAL,TOTAL,PC,FI,2007,1.1,
ESTAT:ILC_MDES01(1.0),04/10/24 23:00:00,A,TOTAL,TOTAL,PC,FI,2008,1.9,
ESTAT:ILC_MDES01(1.0),04/10/24 23:00:00,A,TOTAL,TOTAL,PC,FI,2009,1.3,
ESTAT:ILC_MDES01(1.0),04/10/24 23:00:00,A,TOTAL,TOTAL,PC,FI,2010,1.4,
ESTAT:ILC_MDES01(1.0),04/10/24 23:00:00,A,TOTAL,TOTAL,PC,FI,2011,1.8,
ESTAT:ILC_MDES01(1.0),04/10/24 23:00:00,A,TOTAL,TOTAL,PC,FI,2012,1.5,
ESTAT:ILC_MDES01(1.0),04/10/24 23:00:00,A,TOTAL,TOTAL,PC,FI,2013,1.2,
ESTAT:ILC_MDES01(1.0),04/10/24 23:00:00,A,TOTAL,TOTAL,PC,FI,2014,1.5,
ESTAT:ILC_MDES01(1.0),04/10/24 23:00:00,A,TOTAL,TOTAL,PC,FI,2015,1.7,
ESTAT:ILC_MDES01(1.0),04/10/24 23:00:00,A,TOTAL,TOTAL,PC,FI,2016,1.7,
ESTAT:ILC_MDES01(1.0),04/10/24 23:00:00,A,TOTAL,TOTAL,PC,FI,2017,2.0,
ESTAT:ILC_MDES01(1.0),04/10/24 23:00:00,A,TOTAL,TOTAL,PC,FI,2018,1.7,
ESTAT:ILC_MDES01(1.0),04/10/24 23:00:00,A,TOTAL,TOTAL,PC,FI,2019,1.8,
ESTAT:ILC_MDES01(1.0),04/10/24 23:00:00,A,TOTAL,TOTAL,PC,FI,2020,1.8,
ESTAT:ILC_MDES01(1.0),04/10/24 23:00:00,A,TOTAL,TOTAL,PC,FI,2021,1.3,
ESTAT:ILC_MDES01(1.0),04/10/24 23:00:00,A,TOTAL,TOTAL,PC,FI,2022,1.4,
ESTAT:ILC_MDES01(1.0),04/10/24 23:00:00,A,TOTAL,TOTAL,PC,FI,2023,2.6,
ESTAT:ILC_MDES01(1.0),04/10/24 23:00:00,A,TOTAL,TOTAL,PC,FR,2004,5.9,
ESTAT:ILC_MDES01(1.0),04/10/24 23:00:00,A,TOTAL,TOTAL,PC,FR,2005,5.3,
ESTAT:ILC_MDES01(1.0),04/10/24 23:00:00,A,TOTAL,TOTAL,PC,FR,2006,5.9,
ESTAT:ILC_MDES01(1.0),04/10/24 23:00:00,A,TOTAL,TOTAL,PC,FR,2007,4.6,
ESTAT:ILC_MDES01(1.0),04/10/24 23:00:00,A,TOTAL,TOTAL,PC,FR,2008,5.3,
ESTAT:ILC_MDES01(1.0),04/10/24 23:00:00,A,TOTAL,TOTAL,PC,FR,2009,5.5,
ESTAT:ILC_MDES01(1.0),04/10/24 23:00:00,A,TOTAL,TOTAL,PC,FR,2010,5.7,
ESTAT:ILC_MDES01(1.0),04/10/24 23:00:00,A,TOTAL,TOTAL,PC,FR,2011,6.0,
ESTAT:ILC_MDES01(1.0),04/10/24 23:00:00,A,TOTAL,TOTAL,PC,FR,2012,6.0,
ESTAT:ILC_MDES01(1.0),04/10/24 23:00:00,A,TOTAL,TOTAL,PC,FR,2013,6.6,
ESTAT:ILC_MDES01(1.0),04/10/24 23:00:00,A,TOTAL,TOTAL,PC,FR,2014,5.9,
ESTAT:ILC_MDES01(1.0),04/10/24 23:00:00,A,TOTAL,TOTAL,PC,FR,2015,5.5,
ESTAT:ILC_MDES01(1.0),04/10/24 23:00:00,A,TOTAL,TOTAL,PC,FR,2016,5.0,
ESTAT:ILC_MDES01(1.0),04/10/24 23:00:00,A,TOTAL,TOTAL,PC,FR,2017,4.9,
ESTAT:ILC_MDES01(1.0),04/10/24 23:00:00,A,TOTAL,TOTAL,PC,FR,2018,5.0,
ESTAT:ILC_MDES01(1.0),04/10/24 23:00:00,A,TOTAL,TOTAL,PC,FR,2019,6.2,
ESTAT:ILC_MDES01(1.0),04/10/24 23:00:00,A,TOTAL,TOTAL,PC,FR,2020,6.7,b
ESTAT:ILC_MDES01(1.0),04/10/24 23:00:00,A,TOTAL,TOTAL,PC,FR,2021,6.0,
ESTAT:ILC_MDES01(1.0),04/10/24 23:00:00,A,TOTAL,TOTAL,PC,FR,2022,10.7,b
ESTAT:ILC_MDES01(1.0),04/10/24 23:00:00,A,TOTAL,TOTAL,PC,FR,2023,12.1,
ESTAT:ILC_MDES01(1.0),04/10/24 23:00:00,A,TOTAL,TOTAL,PC,HR,2010,8.3,
ESTAT:ILC_MDES01(1.0),04/10/24 23:00:00,A,TOTAL,TOTAL,PC,HR,2011,9.8,
ESTAT:ILC_MDES01(1.0),04/10/24 23:00:00,A,TOTAL,TOTAL,PC,HR,2012,10.2,
ESTAT:ILC_MDES01(1.0),04/10/24 23:00:00,A,TOTAL,TOTAL,PC,HR,2013,9.9,
ESTAT:ILC_MDES01(1.0),04/10/24 23:00:00,A,TOTAL,TOTAL,PC,HR,2014,9.7,
ESTAT:ILC_MDES01(1.0),04/10/24 23:00:00,A,TOTAL,TOTAL,PC,HR,2015,9.9,
ESTAT:ILC_MDES01(1.0),04/10/24 23:00:00,A,TOTAL,TOTAL,PC,HR,2016,9.3,
ESTAT:ILC_MDES01(1.0),04/10/24 23:00:00,A,TOTAL,TOTAL,PC,HR,2017,7.4,
ESTAT:ILC_MDES01(1.0),04/10/24 23:00:00,A,TOTAL,TOTAL,PC,HR,2018,7.7,
ESTAT:ILC_MDES01(1.0),04/10/24 23:00:00,A,TOTAL,TOTAL,PC,HR,2019,6.6,
ESTAT:ILC_MDES01(1.0),04/10/24 23:00:00,A,TOTAL,TOTAL,PC,HR,2020,5.7,
ESTAT:ILC_MDES01(1.0),04/10/24 23:00:00,A,TOTAL,TOTAL,PC,HR,2021,5.7,
ESTAT:ILC_MDES01(1.0),04/10/24 23:00:00,A,TOTAL,TOTAL,PC,HR,2022,7.0,
ESTAT:ILC_MDES01(1.0),04/10/24 23:00:00,A,TOTAL,TOTAL,PC,HR,2023,6.2,
ESTAT:ILC_MDES01(1.0),04/10/24 23:00:00,A,TOTAL,TOTAL,PC,HU,2005,17.7,
ESTAT:ILC_MDES01(1.0),04/10/24 23:00:00,A,TOTAL,TOTAL,PC,HU,2006,14.8,
ESTAT:ILC_MDES01(1.0),04/10/24 23:00:00,A,TOTAL,TOTAL,PC,HU,2007,10.8,
ESTAT:ILC_MDES01(1.0),04/10/24 23:00:00,A,TOTAL,TOTAL,PC,HU,2008,9.7,
ESTAT:ILC_MDES01(1.0),04/10/24 23:00:00,A,TOTAL,TOTAL,PC,HU,2009,8.9,
ESTAT:ILC_MDES01(1.0),04/10/24 23:00:00,A,TOTAL,TOTAL,PC,HU,2010,10.7,
ESTAT:ILC_MDES01(1.0),04/10/24 23:00:00,A,TOTAL,TOTAL,PC,HU,2011,12.2,
ESTAT:ILC_MDES01(1.0),04/10/24 23:00:00,A,TOTAL,TOTAL,PC,HU,2012,15.0,
ESTAT:ILC_MDES01(1.0),04/10/24 23:00:00,A,TOTAL,TOTAL,PC,HU,2013,14.6,
ESTAT:ILC_MDES01(1.0),04/10/24 23:00:00,A,TOTAL,TOTAL,PC,HU,2014,11.6,
ESTAT:ILC_MDES01(1.0),04/10/24 23:00:00,A,TOTAL,TOTAL,PC,HU,2015,9.6,
ESTAT:ILC_MDES01(1.0),04/10/24 23:00:00,A,TOTAL,TOTAL,PC,HU,2016,9.2,
ESTAT:ILC_MDES01(1.0),04/10/24 23:00:00,A,TOTAL,TOTAL,PC,HU,2017,6.8,
ESTAT:ILC_MDES01(1.0),04/10/24 23:00:00,A,TOTAL,TOTAL,PC,HU,2018,6.1,
ESTAT:ILC_MDES01(1.0),04/10/24 23:00:00,A,TOTAL,TOTAL,PC,HU,2019,5.4,
ESTAT:ILC_MDES01(1.0),04/10/24 23:00:00,A,TOTAL,TOTAL,PC,HU,2020,4.2,
ESTAT:ILC_MDES01(1.0),04/10/24 23:00:00,A,TOTAL,TOTAL,PC,HU,2021,5.4,
ESTAT:ILC_MDES01(1.0),04/10/24 23:00:00,A,TOTAL,TOTAL,PC,HU,2022,4.7,
ESTAT:ILC_MDES01(1.0),04/10/24 23:00:00,A,TOTAL,TOTAL,PC,HU,2023,7.2,
ESTAT:ILC_MDES01(1.0),04/10/24 23:00:00,A,TOTAL,TOTAL,PC,IE,2003,3.2,
ESTAT:ILC_MDES01(1.0),04/10/24 23:00:00,A,TOTAL,TOTAL,PC,IE,2004,3.3,
ESTAT:ILC_MDES01(1.0),04/10/24 23:00:00,A,TOTAL,TOTAL,PC,IE,2005,4.0,
ESTAT:ILC_MDES01(1.0),04/10/24 23:00:00,A,TOTAL,TOTAL,PC,IE,2006,3.8,
ESTAT:ILC_MDES01(1.0),04/10/24 23:00:00,A,TOTAL,TOTAL,PC,IE,2007,3.5,
ESTAT:ILC_MDES01(1.0),04/10/24 23:00:00,A,TOTAL,TOTAL,PC,IE,2008,3.7,
ESTAT:ILC_MDES01(1.0),04/10/24 23:00:00,A,TOTAL,TOTAL,PC,IE,2009,4.1,
ESTAT:ILC_MDES01(1.0),04/10/24 23:00:00,A,TOTAL,TOTAL,PC,IE,2010,6.8,
ESTAT:ILC_MDES01(1.0),04/10/24 23:00:00,A,TOTAL,TOTAL,PC,IE,2011,6.8,
ESTAT:ILC_MDES01(1.0),04/10/24 23:00:00,A,TOTAL,TOTAL,PC,IE,2012,8.4,
ESTAT:ILC_MDES01(1.0),04/10/24 23:00:00,A,TOTAL,TOTAL,PC,IE,2013,10.0,
ESTAT:ILC_MDES01(1.0),04/10/24 23:00:00,A,TOTAL,TOTAL,PC,IE,2014,8.9,
ESTAT:ILC_MDES01(1.0),04/10/24 23:00:00,A,TOTAL,TOTAL,PC,IE,2015,9.0,
ESTAT:ILC_MDES01(1.0),04/10/24 23:00:00,A,TOTAL,TOTAL,PC,IE,2016,5.9,
ESTAT:ILC_MDES01(1.0),04/10/24 23:00:00,A,TOTAL,TOTAL,PC,IE,2017,4.4,
ESTAT:ILC_MDES01(1.0),04/10/24 23:00:00,A,TOTAL,TOTAL,PC,IE,2018,4.4,
ESTAT:ILC_MDES01(1.0),04/10/24 23:00:00,A,TOTAL,TOTAL,PC,IE,2019,5.1,b
ESTAT:ILC_MDES01(1.0),04/10/24 23:00:00,A,TOTAL,TOTAL,PC,IE,2020,3.6,b
ESTAT:ILC_MDES01(1.0),04/10/24 23:00:00,A,TOTAL,TOTAL,PC,IE,2021,3.4,
ESTAT:ILC_MDES01(1.0),04/10/24 23:00:00,A,TOTAL,TOTAL,PC,IE,2022,6.8,
ESTAT:ILC_MDES01(1.0),04/10/24 23:00:00,A,TOTAL,TOTAL,PC,IE,2023,7.2,
ESTAT:ILC_MDES01(1.0),04/10/24 23:00:00,A,TOTAL,TOTAL,PC,IS,2004,7.4,
ESTAT:ILC_MDES01(1.0),04/10/24 23:00:00,A,TOTAL,TOTAL,PC,IS,2005,9.3,
ESTAT:ILC_MDES01(1.0),04/10/24 23:00:00,A,TOTAL,TOTAL,PC,IS,2006,10.5,
ESTAT:ILC_MDES01(1.0),04/10/24 23:00:00,A,TOTAL,TOTAL,PC,IS,2007,9.1,
ESTAT:ILC_MDES01(1.0),04/10/24 23:00:00,A,TOTAL,TOTAL,PC,IS,2008,1.0,b
ESTAT:ILC_MDES01(1.0),04/10/24 23:00:00,A,TOTAL,TOTAL,PC,IS,2009,1.0,
ESTAT:ILC_MDES01(1.0),04/10/24 23:00:00,A,TOTAL,TOTAL,PC,IS,2010,1.4,
ESTAT:ILC_MDES01(1.0),04/10/24 23:00:00,A,TOTAL,TOTAL,PC,IS,2011,2.0,
ESTAT:ILC_MDES01(1.0),04/10/24 23:00:00,A,TOTAL,TOTAL,PC,IS,2012,1.5,
ESTAT:ILC_MDES01(1.0),04/10/24 23:00:00,A,TOTAL,TOTAL,PC,IS,2013,1.4,
ESTAT:ILC_MDES01(1.0),04/10/24 23:00:00,A,TOTAL,TOTAL,PC,IS,2014,1.8,
ESTAT:ILC_MDES01(1.0),04/10/24 23:00:00,A,TOTAL,TOTAL,PC,IS,2015,1.4,
ESTAT:ILC_MDES01(1.0),04/10/24 23:00:00,A,TOTAL,TOTAL,PC,IS,2016,1.6,
ESTAT:ILC_MDES01(1.0),04/10/24 23:00:00,A,TOTAL,TOTAL,PC,IS,2017,1.2,
ESTAT:ILC_MDES01(1.0),04/10/24 23:00:00,A,TOTAL,TOTAL,PC,IS,2018,1.0,
ESTAT:ILC_MDES01(1.0),04/10/24 23:00:00,A,TOTAL,TOTAL,PC,IS,2019,1.3,
ESTAT:ILC_MDES01(1.0),04/10/24 23:00:00,A,TOTAL,TOTAL,PC,IT,2004,10.9,
ESTAT:ILC_MDES01(1.0),04/10/24 23:00:00,A,TOTAL,TOTAL,PC,IT,2005,11.0,
ESTAT:ILC_MDES01(1.0),04/10/24 23:00:00,A,TOTAL,TOTAL,PC,IT,2006,10.4,
ESTAT:ILC_MDES01(1.0),04/10/24 23:00:00,A,TOTAL,TOTAL,PC,IT,2007,10.7,
ESTAT:ILC_MDES01(1.0),04/10/24 23:00:00,A,TOTAL,TOTAL,PC,IT,2008,11.4,
ESTAT:ILC_MDES01(1.0),04/10/24 23:00:00,A,TOTAL,TOTAL,PC,IT,2009,10.8,
ESTAT:ILC_MDES01(1.0),04/10/24 23:00:00,A,TOTAL,TOTAL,PC,IT,2010,11.6,
ESTAT:ILC_MDES01(1.0),04/10/24 23:00:00,A,TOTAL,TOTAL,PC,IT,2011,17.8,
ESTAT:ILC_MDES01(1.0),04/10/24 23:00:00,A,TOTAL,TOTAL,PC,IT,2012,21.3,
ESTAT:ILC_MDES01(1.0),04/10/24 23:00:00,A,TOTAL,TOTAL,PC,IT,2013,18.8,
ESTAT:ILC_MDES01(1.0),04/10/24 23:00:00,A,TOTAL,TOTAL,PC,IT,2014,18.0,
ESTAT:ILC_MDES01(1.0),04/10/24 23:00:00,A,TOTAL,TOTAL,PC,IT,2015,17.0,
ESTAT:ILC_MDES01(1.0),04/10/24 23:00:00,A,TOTAL,TOTAL,PC,IT,2016,16.1,
ESTAT:ILC_MDES01(1.0),04/10/24 23:00:00,A,TOTAL,TOTAL,PC,IT,2017,15.2,
ESTAT:ILC_MDES01(1.0),04/10/24 23:00:00,A,TOTAL,TOTAL,PC,IT,2018,14.1,
ESTAT:ILC_MDES01(1.0),04/10/24 23:00:00,A,TOTAL,TOTAL,PC,IT,2019,11.1,
ESTAT:ILC_MDES01(1.0),04/10/24 23:00:00,A,TOTAL,TOTAL,PC,IT,2020,8.3,
ESTAT:ILC_MDES01(1.0),04/10/24 23:00:00,A,TOTAL,TOTAL,PC,IT,2021,8.1,
ESTAT:ILC_MDES01(1.0),04/10/24 23:00:00,A,TOTAL,TOTAL,PC,IT,2022,8.8,
ESTAT:ILC_MDES01(1.0),04/10/24 23:00:00,A,TOTAL,TOTAL,PC,IT,2023,9.5,
ESTAT:ILC_MDES01(1.0),04/10/24 23:00:00,A,TOTAL,TOTAL,PC,LT,2005,34.8,
ESTAT:ILC_MDES01(1.0),04/10/24 23:00:00,A,TOTAL,TOTAL,PC,LT,2006,27.6,
ESTAT:ILC_MDES01(1.0),04/10/24 23:00:00,A,TOTAL,TOTAL,PC,LT,2007,22.4,
ESTAT:ILC_MDES01(1.0),04/10/24 23:00:00,A,TOTAL,TOTAL,PC,LT,2008,22.6,
ESTAT:ILC_MDES01(1.0),04/10/24 23:00:00,A,TOTAL,TOTAL,PC,LT,2009,24.1,
ESTAT:ILC_MDES01(1.0),04/10/24 23:00:00,A,TOTAL,TOTAL,PC,LT,2010,25.2,
ESTAT:ILC_MDES01(1.0),04/10/24 23:00:00,A,TOTAL,TOTAL,PC,LT,2011,36.2,
ESTAT:ILC_MDES01(1.0),04/10/24 23:00:00,A,TOTAL,TOTAL,PC,LT,2012,34.1,
ESTAT:ILC_MDES01(1.0),04/10/24 23:00:00,A,TOTAL,TOTAL,PC,LT,2013,29.2,
ESTAT:ILC_MDES01(1.0),04/10/24 23:00:00,A,TOTAL,TOTAL,PC,LT,2014,26.5,
ESTAT:ILC_MDES01(1.0),04/10/24 23:00:00,A,TOTAL,TOTAL,PC,LT,2015,31.1,
ESTAT:ILC_MDES01(1.0),04/10/24 23:00:00,A,TOTAL,TOTAL,PC,LT,2016,29.3,
ESTAT:ILC_MDES01(1.0),04/10/24 23:00:00,A,TOTAL,TOTAL,PC,LT,2017,28.9,
ESTAT:ILC_MDES01(1.0),04/10/24 23:00:00,A,TOTAL,TOTAL,PC,LT,2018,27.9,
ESTAT:ILC_MDES01(1.0),04/10/24 23:00:00,A,TOTAL,TOTAL,PC,LT,2019,26.7,
ESTAT:ILC_MDES01(1.0),04/10/24 23:00:00,A,TOTAL,TOTAL,PC,LT,2020,23.1,
ESTAT:ILC_MDES01(1.0),04/10/24 23:00:00,A,TOTAL,TOTAL,PC,LT,2021,22.5,
ESTAT:ILC_MDES01(1.0),04/10/24 23:00:00,A,TOTAL,TOTAL,PC,LT,2022,17.5,
ESTAT:ILC_MDES01(1.0),04/10/24 23:00:00,A,TOTAL,TOTAL,PC,LT,2023,20.0,b
ESTAT:ILC_MDES01(1.0),04/10/24 23:00:00,A,TOTAL,TOTAL,PC,LU,2003,1.1,
ESTAT:ILC_MDES01(1.0),04/10/24 23:00:00,A,TOTAL,TOTAL,PC,LU,2004,0.7,
ESTAT:ILC_MDES01(1.0),04/10/24 23:00:00,A,TOTAL,TOTAL,PC,LU,2005,0.9,
ESTAT:ILC_MDES01(1.0),04/10/24 23:00:00,A,TOTAL,TOTAL,PC,LU,2006,0.6,
ESTAT:ILC_MDES01(1.0),04/10/24 23:00:00,A,TOTAL,TOTAL,PC,LU,2007,0.5,
ESTAT:ILC_MDES01(1.0),04/10/24 23:00:00,A,TOTAL,TOTAL,PC,LU,2008,0.9,
ESTAT:ILC_MDES01(1.0),04/10/24 23:00:00,A,TOTAL,TOTAL,PC,LU,2009,0.3,
ESTAT:ILC_MDES01(1.0),04/10/24 23:00:00,A,TOTAL,TOTAL,PC,LU,2010,0.5,
ESTAT:ILC_MDES01(1.0),04/10/24 23:00:00,A,TOTAL,TOTAL,PC,LU,2011,0.9,
ESTAT:ILC_MDES01(1.0),04/10/24 23:00:00,A,TOTAL,TOTAL,PC,LU,2012,0.6,
ESTAT:ILC_MDES01(1.0),04/10/24 23:00:00,A,TOTAL,TOTAL,PC,LU,2013,1.6,
ESTAT:ILC_MDES01(1.0),04/10/24 23:00:00,A,TOTAL,TOTAL,PC,LU,2014,0.6,
ESTAT:ILC_MDES01(1.0),04/10/24 23:00:00,A,TOTAL,TOTAL,PC,LU,2015,0.9,
ESTAT:ILC_MDES01(1.0),04/10/24 23:00:00,A,TOTAL,TOTAL,PC,LU,2016,1.7,b
ESTAT:ILC_MDES01(1.0),04/10/24 23:00:00,A,TOTAL,TOTAL,PC,LU,2017,1.9,
ESTAT:ILC_MDES01(1.0),04/10/24 23:00:00,A,TOTAL,TOTAL,PC,LU,2018,2.1,
ESTAT:ILC_MDES01(1.0),04/10/24 23:00:00,A,TOTAL,TOTAL,PC,LU,2019,2.4,
ESTAT:ILC_MDES01(1.0),04/10/24 23:00:00,A,TOTAL,TOTAL,PC,LU,2020,3.6,b
ESTAT:ILC_MDES01(1.0),04/10/24 23:00:00,A,TOTAL,TOTAL,PC,LU,2021,2.5,b
ESTAT:ILC_MDES01(1.0),04/10/24 23:00:00,A,TOTAL,TOTAL,PC,LU,2022,2.1,b
ESTAT:ILC_MDES01(1.0),04/10/24 23:00:00,A,TOTAL,TOTAL,PC,LU,2023,2.1,
ESTAT:ILC_MDES01(1.0),04/10/24 23:00:00,A,TOTAL,TOTAL,PC,LV,2005,29.8,
ESTAT:ILC_MDES01(1.0),04/10/24 23:00:00,A,TOTAL,TOTAL,PC,LV,2006,25.7,
ESTAT:ILC_MDES01(1.0),04/10/24 23:00:00,A,TOTAL,TOTAL,PC,LV,2007,20.9,
ESTAT:ILC_MDES01(1.0),04/10/24 23:00:00,A,TOTAL,TOTAL,PC,LV,2008,16.8,
ESTAT:ILC_MDES01(1.0),04/10/24 23:00:00,A,TOTAL,TOTAL,PC,LV,2009,16.4,
ESTAT:ILC_MDES01(1.0),04/10/24 23:00:00,A,TOTAL,TOTAL,PC,LV,2010,19.1,
ESTAT:ILC_MDES01(1.0),04/10/24 23:00:00,A,TOTAL,TOTAL,PC,LV,2011,22.5,
ESTAT:ILC_MDES01(1.0),04/10/24 23:00:00,A,TOTAL,TOTAL,PC,LV,2012,19.9,
ESTAT:ILC_MDES01(1.0),04/10/24 23:00:00,A,TOTAL,TOTAL,PC,LV,2013,21.1,
ESTAT:ILC_MDES01(1.0),04/10/24 23:00:00,A,TOTAL,TOTAL,PC,LV,2014,16.8,
ESTAT:ILC_MDES01(1.0),04/10/24 23:00:00,A,TOTAL,TOTAL,PC,LV,2015,14.5,
ESTAT:ILC_MDES01(1.0),04/10/24 23:00:00,A,TOTAL,TOTAL,PC,LV,2016,10.6,
ESTAT:ILC_MDES01(1.0),04/10/24 23:00:00,A,TOTAL,TOTAL,PC,LV,2017,9.7,
ESTAT:ILC_MDES01(1.0),04/10/24 23:00:00,A,TOTAL,TOTAL,PC,LV,2018,7.5,
ESTAT:ILC_MDES01(1.0),04/10/24 23:00:00,A,TOTAL,TOTAL,PC,LV,2019,8.0,
ESTAT:ILC_MDES01(1.0),04/10/24 23:00:00,A,TOTAL,TOTAL,PC,LV,2020,6.0,
ESTAT:ILC_MDES01(1.0),04/10/24 23:00:00,A,TOTAL,TOTAL,PC,LV,2021,4.9,
ESTAT:ILC_MDES01(1.0),04/10/24 23:00:00,A,TOTAL,TOTAL,PC,LV,2022,7.1,
ESTAT:ILC_MDES01(1.0),04/10/24 23:00:00,A,TOTAL,TOTAL,PC,LV,2023,6.6,
ESTAT:ILC_MDES01(1.0),04/10/24 23:00:00,A,TOTAL,TOTAL,PC,ME,2013,12.4,
ESTAT:ILC_MDES01(1.0),04/10/24 23:00:00,A,TOTAL,TOTAL,PC,ME,2014,8.6,
ESTAT:ILC_MDES01(1.0),04/10/24 23:00:00,A,TOTAL,TOTAL,PC,ME,2015,8.6,
ESTAT:ILC_MDES01(1.0),04/10/24 23:00:00,A,TOTAL,TOTAL,PC,ME,2016,6.3,
ESTAT:ILC_MDES01(1.0),04/10/24 23:00:00,A,TOTAL,TOTAL,PC,ME,2017,4.5,
ESTAT:ILC_MDES01(1.0),04/10/24 23:00:00,A,TOTAL,TOTAL,PC,ME,2018,11.2,
ESTAT:ILC_MDES01(1.0),04/10/24 23:00:00,A,TOTAL,TOTAL,PC,ME,2019,10.3,
ESTAT:ILC_MDES01(1.0),04/10/24 23:00:00,A,TOTAL,TOTAL,PC,ME,2020,13.2,
ESTAT:ILC_MDES01(1.0),04/10/24 23:00:00,A,TOTAL,TOTAL,PC,ME,2021,18.0,
ESTAT:ILC_MDES01(1.0),04/10/24 23:00:00,A,TOTAL,TOTAL,PC,ME,2022,13.9,
ESTAT:ILC_MDES01(1.0),04/10/24 23:00:00,A,TOTAL,TOTAL,PC,MK,2010,28.8,
ESTAT:ILC_MDES01(1.0),04/10/24 23:00:00,A,TOTAL,TOTAL,PC,MK,2011,26.7,
ESTAT:ILC_MDES01(1.0),04/10/24 23:00:00,A,TOTAL,TOTAL,PC,MK,2012,26.8,
ESTAT:ILC_MDES01(1.0),04/10/24 23:00:00,A,TOTAL,TOTAL,PC,MK,2013,26.4,
ESTAT:ILC_MDES01(1.0),04/10/24 23:00:00,A,TOTAL,TOTAL,PC,MK,2014,26.1,
ESTAT:ILC_MDES01(1.0),04/10/24 23:00:00,A,TOTAL,TOTAL,PC,MK,2015,23.4,
ESTAT:ILC_MDES01(1.0),04/10/24 23:00:00,A,TOTAL,TOTAL,PC,MK,2016,25.7,
ESTAT:ILC_MDES01(1.0),04/10/24 23:00:00,A,TOTAL,TOTAL,PC,MK,2017,24.0,
ESTAT:ILC_MDES01(1.0),04/10/24 23:00:00,A,TOTAL,TOTAL,PC,MK,2018,24.9,
ESTAT:ILC_MDES01(1.0),04/10/24 23:00:00,A,TOTAL,TOTAL,PC,MK,2019,33.1,
ESTAT:ILC_MDES01(1.0),04/10/24 23:00:00,A,TOTAL,TOTAL,PC,MK,2020,23.8,
ESTAT:ILC_MDES01(1.0),04/10/24 23:00:00,A,TOTAL,TOTAL,PC,MT,2005,12.6,
ESTAT:ILC_MDES01(1.0),04/10/24 23:00:00,A,TOTAL,TOTAL,PC,MT,2006,10.8,
ESTAT:ILC_MDES01(1.0),04/10/24 23:00:00,A,TOTAL,TOTAL,PC,MT,2007,10.2,
ESTAT:ILC_MDES01(1.0),04/10/24 23:00:00,A,TOTAL,TOTAL,PC,MT,2008,8.8,
ESTAT:ILC_MDES01(1.0),04/10/24 23:00:00,A,TOTAL,TOTAL,PC,MT,2009,11.1,
ESTAT:ILC_MDES01(1.0),04/10/24 23:00:00,A,TOTAL,TOTAL,PC,MT,2010,14.3,
ESTAT:ILC_MDES01(1.0),04/10/24 23:00:00,A,TOTAL,TOTAL,PC,MT,2011,17.6,
ESTAT:ILC_MDES01(1.0),04/10/24 23:00:00,A,TOTAL,TOTAL,PC,MT,2012,22.1,
ESTAT:ILC_MDES01(1.0),04/10/24 23:00:00,A,TOTAL,TOTAL,PC,MT,2013,23.9,
ESTAT:ILC_MDES01(1.0),04/10/24 23:00:00,A,TOTAL,TOTAL,PC,MT,2014,22.3,
ESTAT:ILC_MDES01(1.0),04/10/24 23:00:00,A,TOTAL,TOTAL,PC,MT,2015,14.1,
ESTAT:ILC_MDES01(1.0),04/10/24 23:00:00,A,TOTAL,TOTAL,PC,MT,2016,6.6,
ESTAT:ILC_MDES01(1.0),04/10/24 23:00:00,A,TOTAL,TOTAL,PC,MT,2017,6.3,
ESTAT:ILC_MDES01(1.0),04/10/24 23:00:00,A,TOTAL,TOTAL,PC,MT,2018,7.6,
ESTAT:ILC_MDES01(1.0),04/10/24 23:00:00,A,TOTAL,TOTAL,PC,MT,2019,7.8,
ESTAT:ILC_MDES01(1.0),04/10/24 23:00:00,A,TOTAL,TOTAL,PC,MT,2020,7.2,
ESTAT:ILC_MDES01(1.0),04/10/24 23:00:00,A,TOTAL,TOTAL,PC,MT,2021,7.8,
ESTAT:ILC_MDES01(1.0),04/10/24 23:00:00,A,TOTAL,TOTAL,PC,MT,2022,7.6,
ESTAT:ILC_MDES01(1.0),04/10/24 23:00:00,A,TOTAL,TOTAL,PC,MT,2023,6.8,
ESTAT:ILC_MDES01(1.0),04/10/24 23:00:00,A,TOTAL,TOTAL,PC,NL,2005,3.1,
ESTAT:ILC_MDES01(1.0),04/10/24 23:00:00,A,TOTAL,TOTAL,PC,NL,2006,2.2,
ESTAT:ILC_MDES01(1.0),04/10/24 23:00:00,A,TOTAL,TOTAL,PC,NL,2007,1.6,
ESTAT:ILC_MDES01(1.0),04/10/24 23:00:00,A,TOTAL,TOTAL,PC,NL,2008,1.8,
ESTAT:ILC_MDES01(1.0),04/10/24 23:00:00,A,TOTAL,TOTAL,PC,NL,2009,1.3,
ESTAT:ILC_MDES01(1.0),04/10/24 23:00:00,A,TOTAL,TOTAL,PC,NL,2010,2.3,
ESTAT:ILC_MDES01(1.0),04/10/24 23:00:00,A,TOTAL,TOTAL,PC,NL,2011,1.6,
ESTAT:ILC_MDES01(1.0),04/10/24 23:00:00,A,TOTAL,TOTAL,PC,NL,2012,2.2,
ESTAT:ILC_MDES01(1.0),04/10/24 23:00:00,A,TOTAL,TOTAL,PC,NL,2013,2.9,
ESTAT:ILC_MDES01(1.0),04/10/24 23:00:00,A,TOTAL,TOTAL,PC,NL,2014,2.6,
ESTAT:ILC_MDES01(1.0),04/10/24 23:00:00,A,TOTAL,TOTAL,PC,NL,2015,2.9,
ESTAT:ILC_MDES01(1.0),04/10/24 23:00:00,A,TOTAL,TOTAL,PC,NL,2016,2.6,b
ESTAT:ILC_MDES01(1.0),04/10/24 23:00:00,A,TOTAL,TOTAL,PC,NL,2017,2.4,
ESTAT:ILC_MDES01(1.0),04/10/24 23:00:00,A,TOTAL,TOTAL,PC,NL,2018,2.2,
ESTAT:ILC_MDES01(1.0),04/10/24 23:00:00,A,TOTAL,TOTAL,PC,NL,2019,3.0,
ESTAT:ILC_MDES01(1.0),04/10/24 23:00:00,A,TOTAL,TOTAL,PC,NL,2020,2.4,
ESTAT:ILC_MDES01(1.0),04/10/24 23:00:00,A,TOTAL,TOTAL,PC,NL,2021,2.4,
ESTAT:ILC_MDES01(1.0),04/10/24 23:00:00,A,TOTAL,TOTAL,PC,NL,2022,5.3,
ESTAT:ILC_MDES01(1.0),04/10/24 23:00:00,A,TOTAL,TOTAL,PC,NL,2023,7.1,
ESTAT:ILC_MDES01(1.0),04/10/24 23:00:00,A,TOTAL,TOTAL,PC,NO,2003,2.8,
ESTAT:ILC_MDES01(1.0),04/10/24 23:00:00,A,TOTAL,TOTAL,PC,NO,2004,1.8,
ESTAT:ILC_MDES01(1.0),04/10/24 23:00:00,A,TOTAL,TOTAL,PC,NO,2005,1.3,
ESTAT:ILC_MDES01(1.0),04/10/24 23:00:00,A,TOTAL,TOTAL,PC,NO,2006,1.5,
ESTAT:ILC_MDES01(1.0),04/10/24 23:00:00,A,TOTAL,TOTAL,PC,NO,2007,0.8,
ESTAT:ILC_MDES01(1.0),04/10/24 23:00:00,A,TOTAL,TOTAL,PC,NO,2008,0.8,
ESTAT:ILC_MDES01(1.0),04/10/24 23:00:00,A,TOTAL,TOTAL,PC,NO,2009,0.8,
ESTAT:ILC_MDES01(1.0),04/10/24 23:00:00,A,TOTAL,TOTAL,PC,NO,2010,0.7,
ESTAT:ILC_MDES01(1.0),04/10/24 23:00:00,A,TOTAL,TOTAL,PC,NO,2011,1.2,
ESTAT:ILC_MDES01(1.0),04/10/24 23:00:00,A,TOTAL,TOTAL,PC,NO,2012,0.7,
ESTAT:ILC_MDES01(1.0),04/10/24 23:00:00,A,TOTAL,TOTAL,PC,NO,2013,0.9,
ESTAT:ILC_MDES01(1.0),04/10/24 23:00:00,A,TOTAL,TOTAL,PC,NO,2014,0.6,
ESTAT:ILC_MDES01(1.0),04/10/24 23:00:00,A,TOTAL,TOTAL,PC,NO,2015,0.5,
ESTAT:ILC_MDES01(1.0),04/10/24 23:00:00,A,TOTAL,TOTAL,PC,NO,2016,0.9,
ESTAT:ILC_MDES01(1.0),04/10/24 23:00:00,A,TOTAL,TOTAL,PC,NO,2017,0.8,
ESTAT:ILC_MDES01(1.0),04/10/24 23:00:00,A,TOTAL,TOTAL,PC,NO,2018,0.9,
ESTAT:ILC_MDES01(1.0),04/10/24 23:00:00,A,TOTAL,TOTAL,PC,NO,2019,1.0,
ESTAT:ILC_MDES01(1.0),04/10/24 23:00:00,A,TOTAL,TOTAL,PC,NO,2020,0.8,
ESTAT:ILC_MDES01(1.0),04/10/24 23:00:00,A,TOTAL,TOTAL,PC,NO,2021,1.4,b
ESTAT:ILC_MDES01(1.0),04/10/24 23:00:00,A,TOTAL,TOTAL,PC,NO,2022,2.1,
ESTAT:ILC_MDES01(1.0),04/10/24 23:00:00,A,TOTAL,TOTAL,PC,NO,2023,2.1,
ESTAT:ILC_MDES01(1.0),04/10/24 23:00:00,A,TOTAL,TOTAL,PC,PL,2005,33.6,
ESTAT:ILC_MDES01(1.0),04/10/24 23:00:00,A,TOTAL,TOTAL,PC,PL,2006,28.4,
ESTAT:ILC_MDES01(1.0),04/10/24 23:00:00,A,TOTAL,TOTAL,PC,PL,2007,22.7,
ESTAT:ILC_MDES01(1.0),04/10/24 23:00:00,A,TOTAL,TOTAL,PC,PL,2008,20.1,b
ESTAT:ILC_MDES01(1.0),04/10/24 23:00:00,A,TOTAL,TOTAL,PC,PL,2009,16.3,
ESTAT:ILC_MDES01(1.0),04/10/24 23:00:00,A,TOTAL,TOTAL,PC,PL,2010,14.8,
ESTAT:ILC_MDES01(1.0),04/10/24 23:00:00,A,TOTAL,TOTAL,PC,PL,2011,13.6,
ESTAT:ILC_MDES01(1.0),04/10/24 23:00:00,A,TOTAL,TOTAL,PC,PL,2012,13.2,
ESTAT:ILC_MDES01(1.0),04/10/24 23:00:00,A,TOTAL,TOTAL,PC,PL,2013,11.4,
ESTAT:ILC_MDES01(1.0),04/10/24 23:00:00,A,TOTAL,TOTAL,PC,PL,2014,9.0,
ESTAT:ILC_MDES01(1.0),04/10/24 23:00:00,A,TOTAL,TOTAL,PC,PL,2015,7.5,
ESTAT:ILC_MDES01(1.0),04/10/24 23:00:00,A,TOTAL,TOTAL,PC,PL,2016,7.1,
ESTAT:ILC_MDES01(1.0),04/10/24 23:00:00,A,TOTAL,TOTAL,PC,PL,2017,6.0,
ESTAT:ILC_MDES01(1.0),04/10/24 23:00:00,A,TOTAL,TOTAL,PC,PL,2018,5.1,
ESTAT:ILC_MDES01(1.0),04/10/24 23:00:00,A,TOTAL,TOTAL,PC,PL,2019,4.2,
ESTAT:ILC_MDES01(1.0),04/10/24 23:00:00,A,TOTAL,TOTAL,PC,PL,2020,3.2,
ESTAT:ILC_MDES01(1.0),04/10/24 23:00:00,A,TOTAL,TOTAL,PC,PL,2021,3.2,
ESTAT:ILC_MDES01(1.0),04/10/24 23:00:00,A,TOTAL,TOTAL,PC,PL,2022,4.9,
ESTAT:ILC_MDES01(1.0),04/10/24 23:00:00,A,TOTAL,TOTAL,PC,PL,2023,4.7,
ESTAT:ILC_MDES01(1.0),04/10/24 23:00:00,A,TOTAL,TOTAL,PC,PT,2004,36.3,
ESTAT:ILC_MDES01(1.0),04/10/24 23:00:00,A,TOTAL,TOTAL,PC,PT,2005,40.0,
ESTAT:ILC_MDES01(1.0),04/10/24 23:00:00,A,TOTAL,TOTAL,PC,PT,2006,39.9,
ESTAT:ILC_MDES01(1.0),04/10/24 23:00:00,A,TOTAL,TOTAL,PC,PT,2007,41.9,
ESTAT:ILC_MDES01(1.0),04/10/24 23:00:00,A,TOTAL,TOTAL,PC,PT,2008,34.9,
ESTAT:ILC_MDES01(1.0),04/10/24 23:00:00,A,TOTAL,TOTAL,PC,PT,2009,28.5,
ESTAT:ILC_MDES01(1.0),04/10/24 23:00:00,A,TOTAL,TOTAL,PC,PT,2010,30.1,
ESTAT:ILC_MDES01(1.0),04/10/24 23:00:00,A,TOTAL,TOTAL,PC,PT,2011,26.8,
ESTAT:ILC_MDES01(1.0),04/10/24 23:00:00,A,TOTAL,TOTAL,PC,PT,2012,27.0,
ESTAT:ILC_MDES01(1.0),04/10/24 23:00:00,A,TOTAL,TOTAL,PC,PT,2013,27.9,
ESTAT:ILC_MDES01(1.0),04/10/24 23:00:00,A,TOTAL,TOTAL,PC,PT,2014,28.3,
ESTAT:ILC_MDES01(1.0),04/10/24 23:00:00,A,TOTAL,TOTAL,PC,PT,2015,23.8,
ESTAT:ILC_MDES01(1.0),04/10/24 23:00:00,A,TOTAL,TOTAL,PC,PT,2016,22.5,
ESTAT:ILC_MDES01(1.0),04/10/24 23:00:00,A,TOTAL,TOTAL,PC,PT,2017,20.4,
ESTAT:ILC_MDES01(1.0),04/10/24 23:00:00,A,TOTAL,TOTAL,PC,PT,2018,19.4,
ESTAT:ILC_MDES01(1.0),04/10/24 23:00:00,A,TOTAL,TOTAL,PC,PT,2019,18.9,
ESTAT:ILC_MDES01(1.0),04/10/24 23:00:00,A,TOTAL,TOTAL,PC,PT,2020,17.5,
ESTAT:ILC_MDES01(1.0),04/10/24 23:00:00,A,TOTAL,TOTAL,PC,PT,2021,16.4,b
ESTAT:ILC_MDES01(1.0),04/10/24 23:00:00,A,TOTAL,TOTAL,PC,PT,2022,17.5,
ESTAT:ILC_MDES01(1.0),04/10/24 23:00:00,A,TOTAL,TOTAL,PC,PT,2023,20.8,
ESTAT:ILC_MDES01(1.0),04/10/24 23:00:00,A,TOTAL,TOTAL,PC,RO,2007,33.3,
ESTAT:ILC_MDES01(1.0),04/10/24 23:00:00,A,TOTAL,TOTAL,PC,RO,2008,24.4,
ESTAT:ILC_MDES01(1.0),04/10/24 23:00:00,A,TOTAL,TOTAL,PC,RO,2009,22.1,
ESTAT:ILC_MDES01(1.0),04/10/24 23:00:00,A,TOTAL,TOTAL,PC,RO,2010,20.1,
ESTAT:ILC_MDES01(1.0),04/10/24 23:00:00,A,TOTAL,TOTAL,PC,RO,2011,15.6,
ESTAT:ILC_MDES01(1.0),04/10/24 23:00:00,A,TOTAL,TOTAL,PC,RO,2012,15.0,
ESTAT:ILC_MDES01(1.0),04/10/24 23:00:00,A,TOTAL,TOTAL,PC,RO,2013,14.7,
ESTAT:ILC_MDES01(1.0),04/10/24 23:00:00,A,TOTAL,TOTAL,PC,RO,2014,12.9,
ESTAT:ILC_MDES01(1.0),04/10/24 23:00:00,A,TOTAL,TOTAL,PC,RO,2015,13.1,
ESTAT:ILC_MDES01(1.0),04/10/24 23:00:00,A,TOTAL,TOTAL,PC,RO,2016,13.8,
ESTAT:ILC_MDES01(1.0),04/10/24 23:00:00,A,TOTAL,TOTAL,PC,RO,2017,11.3,
ESTAT:ILC_MDES01(1.0),04/10/24 23:00:00,A,TOTAL,TOTAL,PC,RO,2018,9.6,
ESTAT:ILC_MDES01(1.0),04/10/24 23:00:00,A,TOTAL,TOTAL,PC,RO,2019,9.3,
ESTAT:ILC_MDES01(1.0),04/10/24 23:00:00,A,TOTAL,TOTAL,PC,RO,2020,10.0,
ESTAT:ILC_MDES01(1.0),04/10/24 23:00:00,A,TOTAL,TOTAL,PC,RO,2021,10.1,
ESTAT:ILC_MDES01(1.0),04/10/24 23:00:00,A,TOTAL,TOTAL,PC,RO,2022,15.2,
ESTAT:ILC_MDES01(1.0),04/10/24 23:00:00,A,TOTAL,TOTAL,PC,RO,2023,12.5,
ESTAT:ILC_MDES01(1.0),04/10/24 23:00:00,A,TOTAL,TOTAL,PC,RS,2013,18.3,
ESTAT:ILC_MDES01(1.0),04/10/24 23:00:00,A,TOTAL,TOTAL,PC,RS,2014,17.1,
ESTAT:ILC_MDES01(1.0),04/10/24 23:00:00,A,TOTAL,TOTAL,PC,RS,2015,15.2,
ESTAT:ILC_MDES01(1.0),04/10/24 23:00:00,A,TOTAL,TOTAL,PC,RS,2016,13.3,
ESTAT:ILC_MDES01(1.0),04/10/24 23:00:00,A,TOTAL,TOTAL,PC,RS,2017,13.1,
ESTAT:ILC_MDES01(1.0),04/10/24 23:00:00,A,TOTAL,TOTAL,PC,RS,2018,10.0,
ESTAT:ILC_MDES01(1.0),04/10/24 23:00:00,A,TOTAL,TOTAL,PC,RS,2019,9.9,
ESTAT:ILC_MDES01(1.0),04/10/24 23:00:00,A,TOTAL,TOTAL,PC,RS,2020,9.5,
ESTAT:ILC_MDES01(1.0),04/10/24 23:00:00,A,TOTAL,TOTAL,PC,RS,2021,9.4,
ESTAT:ILC_MDES01(1.0),04/10/24 23:00:00,A,TOTAL,TOTAL,PC,RS,2022,9.5,
ESTAT:ILC_MDES01(1.0),04/10/24 23:00:00,A,TOTAL,TOTAL,PC,SE,2004,1.6,
ESTAT:ILC_MDES01(1.0),04/10/24 23:00:00,A,TOTAL,TOTAL,PC,SE,2005,1.4,
ESTAT:ILC_MDES01(1.0),04/10/24 23:00:00,A,TOTAL,TOTAL,PC,SE,2006,2.5,
ESTAT:ILC_MDES01(1.0),04/10/24 23:00:00,A,TOTAL,TOTAL,PC,SE,2007,1.8,
ESTAT:ILC_MDES01(1.0),04/10/24 23:00:00,A,TOTAL,TOTAL,PC,SE,2008,1.6,b
ESTAT:ILC_MDES01(1.0),04/10/24 23:00:00,A,TOTAL,TOTAL,PC,SE,2009,1.7,
ESTAT:ILC_MDES01(1.0),04/10/24 23:00:00,A,TOTAL,TOTAL,PC,SE,2010,2.1,
ESTAT:ILC_MDES01(1.0),04/10/24 23:00:00,A,TOTAL,TOTAL,PC,SE,2011,1.9,
ESTAT:ILC_MDES01(1.0),04/10/24 23:00:00,A,TOTAL,TOTAL,PC,SE,2012,1.7,
ESTAT:ILC_MDES01(1.0),04/10/24 23:00:00,A,TOTAL,TOTAL,PC,SE,2013,0.9,
ESTAT:ILC_MDES01(1.0),04/10/24 23:00:00,A,TOTAL,TOTAL,PC,SE,2014,1.1,
ESTAT:ILC_MDES01(1.0),04/10/24 23:00:00,A,TOTAL,TOTAL,PC,SE,2015,1.2,
ESTAT:ILC_MDES01(1.0),04/10/24 23:00:00,A,TOTAL,TOTAL,PC,SE,2016,2.6,
ESTAT:ILC_MDES01(1.0),04/10/24 23:00:00,A,TOTAL,TOTAL,PC,SE,2017,2.1,
ESTAT:ILC_MDES01(1.0),04/10/24 23:00:00,A,TOTAL,TOTAL,PC,SE,2018,2.3,
ESTAT:ILC_MDES01(1.0),04/10/24 23:00:00,A,TOTAL,TOTAL,PC,SE,2019,1.9,
ESTAT:ILC_MDES01(1.0),04/10/24 23:00:00,A,TOTAL,TOTAL,PC,SE,2020,2.7,
ESTAT:ILC_MDES01(1.0),04/10/24 23:00:00,A,TOTAL,TOTAL,PC,SE,2021,1.7,
ESTAT:ILC_MDES01(1.0),04/10/24 23:00:00,A,TOTAL,TOTAL,PC,SE,2022,3.3,
ESTAT:ILC_MDES01(1.0),04/10/24 23:00:00,A,TOTAL,TOTAL,PC,SE,2023,5.9,
ESTAT:ILC_MDES01(1.0),04/10/24 23:00:00,A,TOTAL,TOTAL,PC,SI,2005,2.6,
ESTAT:ILC_MDES01(1.0),04/10/24 23:00:00,A,TOTAL,TOTAL,PC,SI,2006,3.0,
ESTAT:ILC_MDES01(1.0),04/10/24 23:00:00,A,TOTAL,TOTAL,PC,SI,2007,4.2,
ESTAT:ILC_MDES01(1.0),04/10/24 23:00:00,A,TOTAL,TOTAL,PC,SI,2008,5.6,
ESTAT:ILC_MDES01(1.0),04/10/24 23:00:00,A,TOTAL,TOTAL,PC,SI,2009,4.6,
ESTAT:ILC_MDES01(1.0),04/10/24 23:00:00,A,TOTAL,TOTAL,PC,SI,2010,4.7,
ESTAT:ILC_MDES01(1.0),04/10/24 23:00:00,A,TOTAL,TOTAL,PC,SI,2011,5.4,
ESTAT:ILC_MDES01(1.0),04/10/24 23:00:00,A,TOTAL,TOTAL,PC,SI,2012,6.1,
ESTAT:ILC_MDES01(1.0),04/10/24 23:00:00,A,TOTAL,TOTAL,PC,SI,2013,4.9,
ESTAT:ILC_MDES01(1.0),04/10/24 23:00:00,A,TOTAL,TOTAL,PC,SI,2014,5.6,
ESTAT:ILC_MDES01(1.0),04/10/24 23:00:00,A,TOTAL,TOTAL,PC,SI,2015,5.6,
ESTAT:ILC_MDES01(1.0),04/10/24 23:00:00,A,TOTAL,TOTAL,PC,SI,2016,4.8,
ESTAT:ILC_MDES01(1.0),04/10/24 23:00:00,A,TOTAL,TOTAL,PC,SI,2017,3.9,
ESTAT:ILC_MDES01(1.0),04/10/24 23:00:00,A,TOTAL,TOTAL,PC,SI,2018,3.3,
ESTAT:ILC_MDES01(1.0),04/10/24 23:00:00,A,TOTAL,TOTAL,PC,SI,2019,2.3,
ESTAT:ILC_MDES01(1.0),04/10/24 23:00:00,A,TOTAL,TOTAL,PC,SI,2020,2.8,
ESTAT:ILC_MDES01(1.0),04/10/24 23:00:00,A,TOTAL,TOTAL,PC,SI,2021,1.7,
ESTAT:ILC_MDES01(1.0),04/10/24 23:00:00,A,TOTAL,TOTAL,PC,SI,2022,2.6,
ESTAT:ILC_MDES01(1.0),04/10/24 23:00:00,A,TOTAL,TOTAL,PC,SI,2023,3.6,
ESTAT:ILC_MDES01(1.0),04/10/24 23:00:00,A,TOTAL,TOTAL,PC,SK,2005,13.6,
ESTAT:ILC_MDES01(1.0),04/10/24 23:00:00,A,TOTAL,TOTAL,PC,SK,2006,9.7,
ESTAT:ILC_MDES01(1.0),04/10/24 23:00:00,A,TOTAL,TOTAL,PC,SK,2007,4.6,
ESTAT:ILC_MDES01(1.0),04/10/24 23:00:00,A,TOTAL,TOTAL,PC,SK,2008,6.0,
ESTAT:ILC_MDES01(1.0),04/10/24 23:00:00,A,TOTAL,TOTAL,PC,SK,2009,3.6,
ESTAT:ILC_MDES01(1.0),04/10/24 23:00:00,A,TOTAL,TOTAL,PC,SK,2010,4.4,
ESTAT:ILC_MDES01(1.0),04/10/24 23:00:00,A,TOTAL,TOTAL,PC,SK,2011,4.3,
ESTAT:ILC_MDES01(1.0),04/10/24 23:00:00,A,TOTAL,TOTAL,PC,SK,2012,5.5,
ESTAT:ILC_MDES01(1.0),04/10/24 23:00:00,A,TOTAL,TOTAL,PC,SK,2013,5.4,
ESTAT:ILC_MDES01(1.0),04/10/24 23:00:00,A,TOTAL,TOTAL,PC,SK,2014,6.1,
ESTAT:ILC_MDES01(1.0),04/10/24 23:00:00,A,TOTAL,TOTAL,PC,SK,2015,5.8,
ESTAT:ILC_MDES01(1.0),04/10/24 23:00:00,A,TOTAL,TOTAL,PC,SK,2016,5.1,
ESTAT:ILC_MDES01(1.0),04/10/24 23:00:00,A,TOTAL,TOTAL,PC,SK,2017,4.3,
ESTAT:ILC_MDES01(1.0),04/10/24 23:00:00,A,TOTAL,TOTAL,PC,SK,2018,4.8,
ESTAT:ILC_MDES01(1.0),04/10/24 23:00:00,A,TOTAL,TOTAL,PC,SK,2019,7.8,
ESTAT:ILC_MDES01(1.0),04/10/24 23:00:00,A,TOTAL,TOTAL,PC,SK,2020,5.7,
ESTAT:ILC_MDES01(1.0),04/10/24 23:00:00,A,TOTAL,TOTAL,PC,SK,2021,5.8,
ESTAT:ILC_MDES01(1.0),04/10/24 23:00:00,A,TOTAL,TOTAL,PC,SK,2022,7.1,
ESTAT:ILC_MDES01(1.0),04/10/24 23:00:00,A,TOTAL,TOTAL,PC,SK,2023,8.1,
ESTAT:ILC_MDES01(1.0),04/10/24 23:00:00,A,TOTAL,TOTAL,PC,TR,2006,39.3,
ESTAT:ILC_MDES01(1.0),04/10/24 23:00:00,A,TOTAL,TOTAL,PC,TR,2007,39.1,
ESTAT:ILC_MDES01(1.0),04/10/24 23:00:00,A,TOTAL,TOTAL,PC,TR,2008,41.0,
ESTAT:ILC_MDES01(1.0),04/10/24 23:00:00,A,TOTAL,TOTAL,PC,TR,2009,37.8,
ESTAT:ILC_MDES01(1.0),04/10/24 23:00:00,A,TOTAL,TOTAL,PC,TR,2011,35.4,
ESTAT:ILC_MDES01(1.0),04/10/24 23:00:00,A,TOTAL,TOTAL,PC,TR,2012,37.2,
ESTAT:ILC_MDES01(1.0),04/10/24 23:00:00,A,TOTAL,TOTAL,PC,TR,2013,29.3,
ESTAT:ILC_MDES01(1.0),04/10/24 23:00:00,A,TOTAL,TOTAL,PC,TR,2014,15.5,
ESTAT:ILC_MDES01(1.0),04/10/24 23:00:00,A,TOTAL,TOTAL,PC,TR,2015,15.9,
ESTAT:ILC_MDES01(1.0),04/10/24 23:00:00,A,TOTAL,TOTAL,PC,TR,2016,24.2,
ESTAT:ILC_MDES01(1.0),04/10/24 23:00:00,A,TOTAL,TOTAL,PC,TR,2017,20.7,
ESTAT:ILC_MDES01(1.0),04/10/24 23:00:00,A,TOTAL,TOTAL,PC,TR,2018,19.1,
ESTAT:ILC_MDES01(1.0),04/10/24 23:00:00,A,TOTAL,TOTAL,PC,TR,2019,19.2,
ESTAT:ILC_MDES01(1.0),04/10/24 23:00:00,A,TOTAL,TOTAL,PC,TR,2020,20.3,
ESTAT:ILC_MDES01(1.0),04/10/24 23:00:00,A,TOTAL,TOTAL,PC,TR,2021,20.5,
ESTAT:ILC_MDES01(1.0),04/10/24 23:00:00,A,TOTAL,TOTAL,PC,TR,2022,20.4,
ESTAT:ILC_MDES01(1.0),04/10/24 23:00:00,A,TOTAL,TOTAL,PC,TR,2023,19.5,
ESTAT:ILC_MDES01(1.0),04/10/24 23:00:00,A,TOTAL,TOTAL,PC,UK,2005,5.7,
ESTAT:ILC_MDES01(1.0),04/10/24 23:00:00,A,TOTAL,TOTAL,PC,UK,2006,4.8,
ESTAT:ILC_MDES01(1.0),04/10/24 23:00:00,A,TOTAL,TOTAL,PC,UK,2007,4.5,
ESTAT:ILC_MDES01(1.0),04/10/24 23:00:00,A,TOTAL,TOTAL,PC,UK,2008,6.0,
ESTAT:ILC_MDES01(1.0),04/10/24 23:00:00,A,TOTAL,TOTAL,PC,UK,2009,5.8,
ESTAT:ILC_MDES01(1.0),04/10/24 23:00:00,A,TOTAL,TOTAL,PC,UK,2010,6.1,
ESTAT:ILC_MDES01(1.0),04/10/24 23:00:00,A,TOTAL,TOTAL,PC,UK,2011,6.5,
ESTAT:ILC_MDES01(1.0),04/10/24 23:00:00,A,TOTAL,TOTAL,PC,UK,2012,8.1,b
ESTAT:ILC_MDES01(1.0),04/10/24 23:00:00,A,TOTAL,TOTAL,PC,UK,2013,10.6,
ESTAT:ILC_MDES01(1.0),04/10/24 23:00:00,A,TOTAL,TOTAL,PC,UK,2014,9.4,
ESTAT:ILC_MDES01(1.0),04/10/24 23:00:00,A,TOTAL,TOTAL,PC,UK,2015,7.8,
ESTAT:ILC_MDES01(1.0),04/10/24 23:00:00,A,TOTAL,TOTAL,PC,UK,2016,6.1,
ESTAT:ILC_MDES01(1.0),04/10/24 23:00:00,A,TOTAL,TOTAL,PC,UK,2017,5.9,b
ESTAT:ILC_MDES01(1.0),04/10/24 23:00:00,A,TOTAL,TOTAL,PC,UK,2018,5.4,
ESTAT:ILC_MDES01(1.0),04/10/24 23:00:00,A,TOTAL,TOTAL,PC,XK,2018,40.2,
