STRUCTURE,STRUCTURE_ID,freq,nrg_bal,unit,geo,TIME_PERIOD,OBS_VALUE,OBS_FLAG
dataflow,ESTAT:SDG_07_40(1.0),A,REN,PC,AL,2004,29.62,
dataflow,ESTAT:SDG_07_40(1.0),A,REN,PC,AL,2005,31.367,
dataflow,ESTAT:SDG_07_40(1.0),A,REN,PC,AL,2006,32.07,
dataflow,ESTAT:SDG_07_40(1.0),A,REN,PC,AL,2007,32.657,
dataflow,ESTAT:SDG_07_40(1.0),A,REN,PC,AL,2008,32.448,
dataflow,ESTAT:SDG_07_40(1.0),A,REN,PC,AL,2009,31.437,
dataflow,ESTAT:SDG_07_40(1.0),A,REN,PC,AL,2010,31.867,
dataflow,ESTAT:SDG_07_40(1.0),A,REN,PC,AL,2011,31.187,
dataflow,ESTAT:SDG_07_40(1.0),A,REN,PC,AL,2012,35.152,
dataflow,ESTAT:SDG_07_40(1.0),A,REN,PC,AL,2013,33.167,
dataflow,ESTAT:SDG_07_40(1.0),A,REN,PC,AL,2014,31.856,
dataflow,ESTAT:SDG_07_40(1.0),A,REN,PC,AL,2015,34.913,
dataflow,ESTAT:SDG_07_40(1.0),A,REN,PC,AL,2016,36.953,
dataflow,ESTAT:SDG_07_40(1.0),A,REN,PC,AL,2017,35.776,
dataflow,ESTAT:SDG_07_40(1.0),A,REN,PC,AL,2018,36.572,
dataflow,ESTAT:SDG_07_40(1.0),A,REN,PC,AL,2019,38.042,
dataflow,ESTAT:SDG_07_40(1.0),A,REN,PC,AL,2020,45.015,
dataflow,ESTAT:SDG_07_40(1.0),A,REN,PC,AL,2021,41.389,
dataflow,ESTAT:SDG_07_40(1.0),A,REN,PC,AL,2022,44.076,
dataflow,ESTAT:SDG_07_40(1.0),A,REN,PC,AT,2004,22.553,
dataflow,ESTAT:SDG_07_40(1.0),A,REN,PC,AT,2005,24.353,
dataflow,ESTAT:SDG_07_40(1.0),A,REN,PC,AT,2006,26.276,
dataflow,ESTAT:SDG_07_40(1.0),A,REN,PC,AT,2007,28.144,
dataflow,ESTAT:SDG_07_40(1.0),A,REN,PC,AT,2008,28.788,
dataflow,ESTAT:SDG_07_40(1.0),A,REN,PC,AT,2009,31.039,
dataflow,ESTAT:SDG_07_40(1.0),A,REN,PC,AT,2010,31.205,
dataflow,ESTAT:SDG_07_40(1.0),A,REN,PC,AT,2011,31.552,
dataflow,ESTAT:SDG_07_40(1.0),A,REN,PC,AT,2012,32.734,
dataflow,ESTAT:SDG_07_40(1.0),A,REN,PC,AT,2013,32.665,
dataflow,ESTAT:SDG_07_40(1.0),A,REN,PC,AT,2014,33.55,
dataflow,ESTAT:SDG_07_40(1.0),A,REN,PC,AT,2015,33.497,
dataflow,ESTAT:SDG_07_40(1.0),A,REN,PC,AT,2016,33.37,
dataflow,ESTAT:SDG_07_40(1.0),A,REN,PC,AT,2017,33.136,
dataflow,ESTAT:SDG_07_40(1.0),A,REN,PC,AT,2018,33.784,
dataflow,ESTAT:SDG_07_40(1.0),A,REN,PC,AT,2019,33.755,
dataflow,ESTAT:SDG_07_40(1.0),A,REN,PC,AT,2020,36.545,
dataflow,ESTAT:SDG_07_40(1.0),A,REN,PC,AT,2021,34.573,
dataflow,ESTAT:SDG_07_40(1.0),A,REN,PC,AT,2022,33.758,
dataflow,ESTAT:SDG_07_40(1.0),A,REN,PC,BA,2014,24.873,
dataflow,ESTAT:SDG_07_40(1.0),A,REN,PC,BA,2015,26.607,
dataflow,ESTAT:SDG_07_40(1.0),A,REN,PC,BA,2016,25.358,
dataflow,ESTAT:SDG_07_40(1.0),A,REN,PC,BA,2017,23.241,
dataflow,ESTAT:SDG_07_40(1.0),A,REN,PC,BA,2018,35.972,
dataflow,ESTAT:SDG_07_40(1.0),A,REN,PC,BA,2019,37.454,
dataflow,ESTAT:SDG_07_40(1.0),A,REN,PC,BA,2020,39.835,
dataflow,ESTAT:SDG_07_40(1.0),A,REN,PC,BA,2021,36.562,
dataflow,ESTAT:SDG_07_40(1.0),A,REN,PC,BE,2004,1.916,
dataflow,ESTAT:SDG_07_40(1.0),A,REN,PC,BE,2005,2.325,
dataflow,ESTAT:SDG_07_40(1.0),A,REN,PC,BE,2006,2.658,
dataflow,ESTAT:SDG_07_40(1.0),A,REN,PC,BE,2007,3.14,
dataflow,ESTAT:SDG_07_40(1.0),A,REN,PC,BE,2008,3.611,
dataflow,ESTAT:SDG_07_40(1.0),A,REN,PC,BE,2009,4.746,
dataflow,ESTAT:SDG_07_40(1.0),A,REN,PC,BE,2010,6.004,
dataflow,ESTAT:SDG_07_40(1.0),A,REN,PC,BE,2011,6.302,
dataflow,ESTAT:SDG_07_40(1.0),A,REN,PC,BE,2012,7.086,
dataflow,ESTAT:SDG_07_40(1.0),A,REN,PC,BE,2013,7.671,
dataflow,ESTAT:SDG_07_40(1.0),A,REN,PC,BE,2014,8.038,
dataflow,ESTAT:SDG_07_40(1.0),A,REN,PC,BE,2015,8.06,
dataflow,ESTAT:SDG_07_40(1.0),A,REN,PC,BE,2016,8.744,
dataflow,ESTAT:SDG_07_40(1.0),A,REN,PC,BE,2017,9.136,
dataflow,ESTAT:SDG_07_40(1.0),A,REN,PC,BE,2018,9.472,
dataflow,ESTAT:SDG_07_40(1.0),A,REN,PC,BE,2019,9.929,
dataflow,ESTAT:SDG_07_40(1.0),A,REN,PC,BE,2020,13,
dataflow,ESTAT:SDG_07_40(1.0),A,REN,PC,BE,2021,13.007,
dataflow,ESTAT:SDG_07_40(1.0),A,REN,PC,BE,2022,13.759,
dataflow,ESTAT:SDG_07_40(1.0),A,REN,PC,BG,2004,9.231,
dataflow,ESTAT:SDG_07_40(1.0),A,REN,PC,BG,2005,9.173,
dataflow,ESTAT:SDG_07_40(1.0),A,REN,PC,BG,2006,9.415,
dataflow,ESTAT:SDG_07_40(1.0),A,REN,PC,BG,2007,9.098,
dataflow,ESTAT:SDG_07_40(1.0),A,REN,PC,BG,2008,10.345,
dataflow,ESTAT:SDG_07_40(1.0),A,REN,PC,BG,2009,12.005,
dataflow,ESTAT:SDG_07_40(1.0),A,REN,PC,BG,2010,13.927,
dataflow,ESTAT:SDG_07_40(1.0),A,REN,PC,BG,2011,14.152,
dataflow,ESTAT:SDG_07_40(1.0),A,REN,PC,BG,2012,15.837,
dataflow,ESTAT:SDG_07_40(1.0),A,REN,PC,BG,2013,18.898,
dataflow,ESTAT:SDG_07_40(1.0),A,REN,PC,BG,2014,18.05,
dataflow,ESTAT:SDG_07_40(1.0),A,REN,PC,BG,2015,18.261,
dataflow,ESTAT:SDG_07_40(1.0),A,REN,PC,BG,2016,18.76,
dataflow,ESTAT:SDG_07_40(1.0),A,REN,PC,BG,2017,18.695,
dataflow,ESTAT:SDG_07_40(1.0),A,REN,PC,BG,2018,20.581,
dataflow,ESTAT:SDG_07_40(1.0),A,REN,PC,BG,2019,21.545,
dataflow,ESTAT:SDG_07_40(1.0),A,REN,PC,BG,2020,23.319,
dataflow,ESTAT:SDG_07_40(1.0),A,REN,PC,BG,2021,19.447,
dataflow,ESTAT:SDG_07_40(1.0),A,REN,PC,BG,2022,19.095,
dataflow,ESTAT:SDG_07_40(1.0),A,REN,PC,CY,2004,3.071,
dataflow,ESTAT:SDG_07_40(1.0),A,REN,PC,CY,2005,3.131,
dataflow,ESTAT:SDG_07_40(1.0),A,REN,PC,CY,2006,3.263,
dataflow,ESTAT:SDG_07_40(1.0),A,REN,PC,CY,2007,4.001,
dataflow,ESTAT:SDG_07_40(1.0),A,REN,PC,CY,2008,5.131,
dataflow,ESTAT:SDG_07_40(1.0),A,REN,PC,CY,2009,5.92,
dataflow,ESTAT:SDG_07_40(1.0),A,REN,PC,CY,2010,6.161,
dataflow,ESTAT:SDG_07_40(1.0),A,REN,PC,CY,2011,6.245,
dataflow,ESTAT:SDG_07_40(1.0),A,REN,PC,CY,2012,7.111,
dataflow,ESTAT:SDG_07_40(1.0),A,REN,PC,CY,2013,8.428,
dataflow,ESTAT:SDG_07_40(1.0),A,REN,PC,CY,2014,9.144,
dataflow,ESTAT:SDG_07_40(1.0),A,REN,PC,CY,2015,9.903,
dataflow,ESTAT:SDG_07_40(1.0),A,REN,PC,CY,2016,9.833,
dataflow,ESTAT:SDG_07_40(1.0),A,REN,PC,CY,2017,10.478,
dataflow,ESTAT:SDG_07_40(1.0),A,REN,PC,CY,2018,13.873,
dataflow,ESTAT:SDG_07_40(1.0),A,REN,PC,CY,2019,13.777,
dataflow,ESTAT:SDG_07_40(1.0),A,REN,PC,CY,2020,16.879,
dataflow,ESTAT:SDG_07_40(1.0),A,REN,PC,CY,2021,19.069,
dataflow,ESTAT:SDG_07_40(1.0),A,REN,PC,CY,2022,19.429,
dataflow,ESTAT:SDG_07_40(1.0),A,REN,PC,CZ,2004,6.773,
dataflow,ESTAT:SDG_07_40(1.0),A,REN,PC,CZ,2005,7.113,
dataflow,ESTAT:SDG_07_40(1.0),A,REN,PC,CZ,2006,7.362,
dataflow,ESTAT:SDG_07_40(1.0),A,REN,PC,CZ,2007,7.895,
dataflow,ESTAT:SDG_07_40(1.0),A,REN,PC,CZ,2008,8.674,
dataflow,ESTAT:SDG_07_40(1.0),A,REN,PC,CZ,2009,9.977,
dataflow,ESTAT:SDG_07_40(1.0),A,REN,PC,CZ,2010,10.513,
dataflow,ESTAT:SDG_07_40(1.0),A,REN,PC,CZ,2011,10.945,
dataflow,ESTAT:SDG_07_40(1.0),A,REN,PC,CZ,2012,12.814,
dataflow,ESTAT:SDG_07_40(1.0),A,REN,PC,CZ,2013,13.927,
dataflow,ESTAT:SDG_07_40(1.0),A,REN,PC,CZ,2014,15.074,
dataflow,ESTAT:SDG_07_40(1.0),A,REN,PC,CZ,2015,15.07,
dataflow,ESTAT:SDG_07_40(1.0),A,REN,PC,CZ,2016,14.926,
dataflow,ESTAT:SDG_07_40(1.0),A,REN,PC,CZ,2017,14.799,
dataflow,ESTAT:SDG_07_40(1.0),A,REN,PC,CZ,2018,15.139,
dataflow,ESTAT:SDG_07_40(1.0),A,REN,PC,CZ,2019,16.239,
dataflow,ESTAT:SDG_07_40(1.0),A,REN,PC,CZ,2020,17.303,
dataflow,ESTAT:SDG_07_40(1.0),A,REN,PC,CZ,2021,17.671,
dataflow,ESTAT:SDG_07_40(1.0),A,REN,PC,CZ,2022,18.195,
dataflow,ESTAT:SDG_07_40(1.0),A,REN,PC,DE,2004,6.207,
dataflow,ESTAT:SDG_07_40(1.0),A,REN,PC,DE,2005,7.167,
dataflow,ESTAT:SDG_07_40(1.0),A,REN,PC,DE,2006,8.466,
dataflow,ESTAT:SDG_07_40(1.0),A,REN,PC,DE,2007,10.039,
dataflow,ESTAT:SDG_07_40(1.0),A,REN,PC,DE,2008,10.072,
dataflow,ESTAT:SDG_07_40(1.0),A,REN,PC,DE,2009,10.851,
dataflow,ESTAT:SDG_07_40(1.0),A,REN,PC,DE,2010,11.667,
dataflow,ESTAT:SDG_07_40(1.0),A,REN,PC,DE,2011,12.47,
dataflow,ESTAT:SDG_07_40(1.0),A,REN,PC,DE,2012,13.549,
dataflow,ESTAT:SDG_07_40(1.0),A,REN,PC,DE,2013,13.757,
dataflow,ESTAT:SDG_07_40(1.0),A,REN,PC,DE,2014,14.381,
dataflow,ESTAT:SDG_07_40(1.0),A,REN,PC,DE,2015,14.901,
dataflow,ESTAT:SDG_07_40(1.0),A,REN,PC,DE,2016,14.885,
dataflow,ESTAT:SDG_07_40(1.0),A,REN,PC,DE,2017,15.472,
dataflow,ESTAT:SDG_07_40(1.0),A,REN,PC,DE,2018,16.66,
dataflow,ESTAT:SDG_07_40(1.0),A,REN,PC,DE,2019,17.266,
dataflow,ESTAT:SDG_07_40(1.0),A,REN,PC,DE,2020,19.09,
dataflow,ESTAT:SDG_07_40(1.0),A,REN,PC,DE,2021,19.395,
dataflow,ESTAT:SDG_07_40(1.0),A,REN,PC,DE,2022,20.796,
dataflow,ESTAT:SDG_07_40(1.0),A,REN,PC,DK,2004,14.839,
dataflow,ESTAT:SDG_07_40(1.0),A,REN,PC,DK,2005,15.955,
dataflow,ESTAT:SDG_07_40(1.0),A,REN,PC,DK,2006,16.332,
dataflow,ESTAT:SDG_07_40(1.0),A,REN,PC,DK,2007,17.747,
dataflow,ESTAT:SDG_07_40(1.0),A,REN,PC,DK,2008,18.543,
dataflow,ESTAT:SDG_07_40(1.0),A,REN,PC,DK,2009,19.948,
dataflow,ESTAT:SDG_07_40(1.0),A,REN,PC,DK,2010,21.888,
dataflow,ESTAT:SDG_07_40(1.0),A,REN,PC,DK,2011,23.389,
dataflow,ESTAT:SDG_07_40(1.0),A,REN,PC,DK,2012,25.465,
dataflow,ESTAT:SDG_07_40(1.0),A,REN,PC,DK,2013,27.173,
dataflow,ESTAT:SDG_07_40(1.0),A,REN,PC,DK,2014,29.31,
dataflow,ESTAT:SDG_07_40(1.0),A,REN,PC,DK,2015,30.469,
dataflow,ESTAT:SDG_07_40(1.0),A,REN,PC,DK,2016,31.715,
dataflow,ESTAT:SDG_07_40(1.0),A,REN,PC,DK,2017,34.387,
dataflow,ESTAT:SDG_07_40(1.0),A,REN,PC,DK,2018,35.159,
dataflow,ESTAT:SDG_07_40(1.0),A,REN,PC,DK,2019,37.02,
dataflow,ESTAT:SDG_07_40(1.0),A,REN,PC,DK,2020,31.681,
dataflow,ESTAT:SDG_07_40(1.0),A,REN,PC,DK,2021,41.009,
dataflow,ESTAT:SDG_07_40(1.0),A,REN,PC,DK,2022,41.601,
dataflow,ESTAT:SDG_07_40(1.0),A,REN,PC,EE,2004,18.42,
dataflow,ESTAT:SDG_07_40(1.0),A,REN,PC,EE,2005,17.478,
dataflow,ESTAT:SDG_07_40(1.0),A,REN,PC,EE,2006,16.011,
dataflow,ESTAT:SDG_07_40(1.0),A,REN,PC,EE,2007,17.139,
dataflow,ESTAT:SDG_07_40(1.0),A,REN,PC,EE,2008,18.811,
dataflow,ESTAT:SDG_07_40(1.0),A,REN,PC,EE,2009,23.009,
dataflow,ESTAT:SDG_07_40(1.0),A,REN,PC,EE,2010,24.575,
dataflow,ESTAT:SDG_07_40(1.0),A,REN,PC,EE,2011,25.515,
dataflow,ESTAT:SDG_07_40(1.0),A,REN,PC,EE,2012,25.586,
dataflow,ESTAT:SDG_07_40(1.0),A,REN,PC,EE,2013,25.356,
dataflow,ESTAT:SDG_07_40(1.0),A,REN,PC,EE,2014,26.13,
dataflow,ESTAT:SDG_07_40(1.0),A,REN,PC,EE,2015,28.987,
dataflow,ESTAT:SDG_07_40(1.0),A,REN,PC,EE,2016,29.232,
dataflow,ESTAT:SDG_07_40(1.0),A,REN,PC,EE,2017,29.538,
dataflow,ESTAT:SDG_07_40(1.0),A,REN,PC,EE,2018,29.97,
dataflow,ESTAT:SDG_07_40(1.0),A,REN,PC,EE,2019,31.73,
dataflow,ESTAT:SDG_07_40(1.0),A,REN,PC,EE,2020,30.069,
dataflow,ESTAT:SDG_07_40(1.0),A,REN,PC,EE,2021,37.442,
dataflow,ESTAT:SDG_07_40(1.0),A,REN,PC,EE,2022,38.472,
dataflow,ESTAT:SDG_07_40(1.0),A,REN,PC,EL,2004,7.161,
dataflow,ESTAT:SDG_07_40(1.0),A,REN,PC,EL,2005,7.277,
dataflow,ESTAT:SDG_07_40(1.0),A,REN,PC,EL,2006,7.458,
dataflow,ESTAT:SDG_07_40(1.0),A,REN,PC,EL,2007,8.249,
dataflow,ESTAT:SDG_07_40(1.0),A,REN,PC,EL,2008,8.183,
dataflow,ESTAT:SDG_07_40(1.0),A,REN,PC,EL,2009,8.731,
dataflow,ESTAT:SDG_07_40(1.0),A,REN,PC,EL,2010,10.077,
dataflow,ESTAT:SDG_07_40(1.0),A,REN,PC,EL,2011,11.153,
dataflow,ESTAT:SDG_07_40(1.0),A,REN,PC,EL,2012,13.741,
dataflow,ESTAT:SDG_07_40(1.0),A,REN,PC,EL,2013,15.326,
dataflow,ESTAT:SDG_07_40(1.0),A,REN,PC,EL,2014,15.683,
dataflow,ESTAT:SDG_07_40(1.0),A,REN,PC,EL,2015,15.69,
dataflow,ESTAT:SDG_07_40(1.0),A,REN,PC,EL,2016,15.39,
dataflow,ESTAT:SDG_07_40(1.0),A,REN,PC,EL,2017,17.3,
dataflow,ESTAT:SDG_07_40(1.0),A,REN,PC,EL,2018,18.001,
dataflow,ESTAT:SDG_07_40(1.0),A,REN,PC,EL,2019,19.633,
dataflow,ESTAT:SDG_07_40(1.0),A,REN,PC,EL,2020,21.749,
dataflow,ESTAT:SDG_07_40(1.0),A,REN,PC,EL,2021,22.017,
dataflow,ESTAT:SDG_07_40(1.0),A,REN,PC,EL,2022,22.678,
dataflow,ESTAT:SDG_07_40(1.0),A,REN,PC,ES,2004,8.345,
dataflow,ESTAT:SDG_07_40(1.0),A,REN,PC,ES,2005,8.444,
dataflow,ESTAT:SDG_07_40(1.0),A,REN,PC,ES,2006,9.156,
dataflow,ESTAT:SDG_07_40(1.0),A,REN,PC,ES,2007,9.667,
dataflow,ESTAT:SDG_07_40(1.0),A,REN,PC,ES,2008,10.744,
dataflow,ESTAT:SDG_07_40(1.0),A,REN,PC,ES,2009,12.958,
dataflow,ESTAT:SDG_07_40(1.0),A,REN,PC,ES,2010,13.782,
dataflow,ESTAT:SDG_07_40(1.0),A,REN,PC,ES,2011,13.176,
dataflow,ESTAT:SDG_07_40(1.0),A,REN,PC,ES,2012,14.239,
dataflow,ESTAT:SDG_07_40(1.0),A,REN,PC,ES,2013,15.081,
dataflow,ESTAT:SDG_07_40(1.0),A,REN,PC,ES,2014,15.879,
dataflow,ESTAT:SDG_07_40(1.0),A,REN,PC,ES,2015,16.221,
dataflow,ESTAT:SDG_07_40(1.0),A,REN,PC,ES,2016,17.015,
dataflow,ESTAT:SDG_07_40(1.0),A,REN,PC,ES,2017,17.118,
dataflow,ESTAT:SDG_07_40(1.0),A,REN,PC,ES,2018,17.023,
dataflow,ESTAT:SDG_07_40(1.0),A,REN,PC,ES,2019,17.852,
dataflow,ESTAT:SDG_07_40(1.0),A,REN,PC,ES,2020,21.22,
dataflow,ESTAT:SDG_07_40(1.0),A,REN,PC,ES,2021,20.736,
dataflow,ESTAT:SDG_07_40(1.0),A,REN,PC,ES,2022,22.116,
dataflow,ESTAT:SDG_07_40(1.0),A,REN,PC,EU27_2020,2004,9.605,
dataflow,ESTAT:SDG_07_40(1.0),A,REN,PC,EU27_2020,2005,10.182,
dataflow,ESTAT:SDG_07_40(1.0),A,REN,PC,EU27_2020,2006,10.778,
dataflow,ESTAT:SDG_07_40(1.0),A,REN,PC,EU27_2020,2007,11.749,
dataflow,ESTAT:SDG_07_40(1.0),A,REN,PC,EU27_2020,2008,12.552,
dataflow,ESTAT:SDG_07_40(1.0),A,REN,PC,EU27_2020,2009,13.85,
dataflow,ESTAT:SDG_07_40(1.0),A,REN,PC,EU27_2020,2010,14.405,
dataflow,ESTAT:SDG_07_40(1.0),A,REN,PC,EU27_2020,2011,14.547,
dataflow,ESTAT:SDG_07_40(1.0),A,REN,PC,EU27_2020,2012,16.002,
dataflow,ESTAT:SDG_07_40(1.0),A,REN,PC,EU27_2020,2013,16.659,
dataflow,ESTAT:SDG_07_40(1.0),A,REN,PC,EU27_2020,2014,17.416,
dataflow,ESTAT:SDG_07_40(1.0),A,REN,PC,EU27_2020,2015,17.82,
dataflow,ESTAT:SDG_07_40(1.0),A,REN,PC,EU27_2020,2016,17.978,
dataflow,ESTAT:SDG_07_40(1.0),A,REN,PC,EU27_2020,2017,18.411,
dataflow,ESTAT:SDG_07_40(1.0),A,REN,PC,EU27_2020,2018,19.096,
dataflow,ESTAT:SDG_07_40(1.0),A,REN,PC,EU27_2020,2019,19.887,
dataflow,ESTAT:SDG_07_40(1.0),A,REN,PC,EU27_2020,2020,22.038,
dataflow,ESTAT:SDG_07_40(1.0),A,REN,PC,EU27_2020,2021,21.893,
dataflow,ESTAT:SDG_07_40(1.0),A,REN,PC,EU27_2020,2022,23.047,
dataflow,ESTAT:SDG_07_40(1.0),A,REN,PC,FI,2004,29.232,
dataflow,ESTAT:SDG_07_40(1.0),A,REN,PC,FI,2005,28.814,
dataflow,ESTAT:SDG_07_40(1.0),A,REN,PC,FI,2006,30.043,
dataflow,ESTAT:SDG_07_40(1.0),A,REN,PC,FI,2007,29.561,
dataflow,ESTAT:SDG_07_40(1.0),A,REN,PC,FI,2008,31.071,
dataflow,ESTAT:SDG_07_40(1.0),A,REN,PC,FI,2009,31.045,
dataflow,ESTAT:SDG_07_40(1.0),A,REN,PC,FI,2010,32.166,
dataflow,ESTAT:SDG_07_40(1.0),A,REN,PC,FI,2011,32.532,
dataflow,ESTAT:SDG_07_40(1.0),A,REN,PC,FI,2012,34.222,
dataflow,ESTAT:SDG_07_40(1.0),A,REN,PC,FI,2013,36.63,
dataflow,ESTAT:SDG_07_40(1.0),A,REN,PC,FI,2014,38.633,
dataflow,ESTAT:SDG_07_40(1.0),A,REN,PC,FI,2015,39.23,
dataflow,ESTAT:SDG_07_40(1.0),A,REN,PC,FI,2016,38.943,
dataflow,ESTAT:SDG_07_40(1.0),A,REN,PC,FI,2017,40.857,
dataflow,ESTAT:SDG_07_40(1.0),A,REN,PC,FI,2018,41.185,
dataflow,ESTAT:SDG_07_40(1.0),A,REN,PC,FI,2019,42.807,
dataflow,ESTAT:SDG_07_40(1.0),A,REN,PC,FI,2020,43.939,
dataflow,ESTAT:SDG_07_40(1.0),A,REN,PC,FI,2021,42.854,
dataflow,ESTAT:SDG_07_40(1.0),A,REN,PC,FI,2022,47.886,
dataflow,ESTAT:SDG_07_40(1.0),A,REN,PC,FR,2004,9.319,
dataflow,ESTAT:SDG_07_40(1.0),A,REN,PC,FR,2005,9.272,
dataflow,ESTAT:SDG_07_40(1.0),A,REN,PC,FR,2006,8.936,
dataflow,ESTAT:SDG_07_40(1.0),A,REN,PC,FR,2007,9.426,
dataflow,ESTAT:SDG_07_40(1.0),A,REN,PC,FR,2008,11.188,
dataflow,ESTAT:SDG_07_40(1.0),A,REN,PC,FR,2009,12.215,
dataflow,ESTAT:SDG_07_40(1.0),A,REN,PC,FR,2010,12.671,
dataflow,ESTAT:SDG_07_40(1.0),A,REN,PC,FR,2011,10.813,
dataflow,ESTAT:SDG_07_40(1.0),A,REN,PC,FR,2012,13.239,
dataflow,ESTAT:SDG_07_40(1.0),A,REN,PC,FR,2013,13.88,
dataflow,ESTAT:SDG_07_40(1.0),A,REN,PC,FR,2014,14.362,
dataflow,ESTAT:SDG_07_40(1.0),A,REN,PC,FR,2015,14.803,
dataflow,ESTAT:SDG_07_40(1.0),A,REN,PC,FR,2016,15.451,
dataflow,ESTAT:SDG_07_40(1.0),A,REN,PC,FR,2017,15.847,
dataflow,ESTAT:SDG_07_40(1.0),A,REN,PC,FR,2018,16.384,
dataflow,ESTAT:SDG_07_40(1.0),A,REN,PC,FR,2019,17.174,
dataflow,ESTAT:SDG_07_40(1.0),A,REN,PC,FR,2020,19.109,
dataflow,ESTAT:SDG_07_40(1.0),A,REN,PC,FR,2021,19.204,
dataflow,ESTAT:SDG_07_40(1.0),A,REN,PC,FR,2022,20.259,
dataflow,ESTAT:SDG_07_40(1.0),A,REN,PC,HR,2004,23.404,
dataflow,ESTAT:SDG_07_40(1.0),A,REN,PC,HR,2005,23.691,
dataflow,ESTAT:SDG_07_40(1.0),A,REN,PC,HR,2006,22.668,
dataflow,ESTAT:SDG_07_40(1.0),A,REN,PC,HR,2007,22.161,
dataflow,ESTAT:SDG_07_40(1.0),A,REN,PC,HR,2008,21.986,
dataflow,ESTAT:SDG_07_40(1.0),A,REN,PC,HR,2009,23.596,
dataflow,ESTAT:SDG_07_40(1.0),A,REN,PC,HR,2010,25.103,
dataflow,ESTAT:SDG_07_40(1.0),A,REN,PC,HR,2011,25.389,
dataflow,ESTAT:SDG_07_40(1.0),A,REN,PC,HR,2012,26.757,
dataflow,ESTAT:SDG_07_40(1.0),A,REN,PC,HR,2013,28.04,
dataflow,ESTAT:SDG_07_40(1.0),A,REN,PC,HR,2014,27.817,
dataflow,ESTAT:SDG_07_40(1.0),A,REN,PC,HR,2015,28.969,
dataflow,ESTAT:SDG_07_40(1.0),A,REN,PC,HR,2016,28.266,
dataflow,ESTAT:SDG_07_40(1.0),A,REN,PC,HR,2017,27.28,
dataflow,ESTAT:SDG_07_40(1.0),A,REN,PC,HR,2018,28.047,
dataflow,ESTAT:SDG_07_40(1.0),A,REN,PC,HR,2019,28.466,
dataflow,ESTAT:SDG_07_40(1.0),A,REN,PC,HR,2020,31.023,
dataflow,ESTAT:SDG_07_40(1.0),A,REN,PC,HR,2021,31.285,
dataflow,ESTAT:SDG_07_40(1.0),A,REN,PC,HR,2022,29.354,
dataflow,ESTAT:SDG_07_40(1.0),A,REN,PC,HU,2004,4.364,
dataflow,ESTAT:SDG_07_40(1.0),A,REN,PC,HU,2005,6.931,
dataflow,ESTAT:SDG_07_40(1.0),A,REN,PC,HU,2006,7.433,
dataflow,ESTAT:SDG_07_40(1.0),A,REN,PC,HU,2007,8.575,
dataflow,ESTAT:SDG_07_40(1.0),A,REN,PC,HU,2008,8.564,
dataflow,ESTAT:SDG_07_40(1.0),A,REN,PC,HU,2009,11.673,
dataflow,ESTAT:SDG_07_40(1.0),A,REN,PC,HU,2010,12.742,
dataflow,ESTAT:SDG_07_40(1.0),A,REN,PC,HU,2011,13.972,
dataflow,ESTAT:SDG_07_40(1.0),A,REN,PC,HU,2012,15.53,
dataflow,ESTAT:SDG_07_40(1.0),A,REN,PC,HU,2013,16.205,
dataflow,ESTAT:SDG_07_40(1.0),A,REN,PC,HU,2014,14.618,
dataflow,ESTAT:SDG_07_40(1.0),A,REN,PC,HU,2015,14.495,
dataflow,ESTAT:SDG_07_40(1.0),A,REN,PC,HU,2016,14.377,
dataflow,ESTAT:SDG_07_40(1.0),A,REN,PC,HU,2017,13.556,
dataflow,ESTAT:SDG_07_40(1.0),A,REN,PC,HU,2018,12.548,
dataflow,ESTAT:SDG_07_40(1.0),A,REN,PC,HU,2019,12.634,
dataflow,ESTAT:SDG_07_40(1.0),A,REN,PC,HU,2020,13.85,
dataflow,ESTAT:SDG_07_40(1.0),A,REN,PC,HU,2021,14.134,
dataflow,ESTAT:SDG_07_40(1.0),A,REN,PC,HU,2022,15.19,
dataflow,ESTAT:SDG_07_40(1.0),A,REN,PC,IE,2004,2.378,
dataflow,ESTAT:SDG_07_40(1.0),A,REN,PC,IE,2005,2.822,
dataflow,ESTAT:SDG_07_40(1.0),A,REN,PC,IE,2006,3.073,
dataflow,ESTAT:SDG_07_40(1.0),A,REN,PC,IE,2007,3.497,
dataflow,ESTAT:SDG_07_40(1.0),A,REN,PC,IE,2008,3.979,
dataflow,ESTAT:SDG_07_40(1.0),A,REN,PC,IE,2009,5.243,
dataflow,ESTAT:SDG_07_40(1.0),A,REN,PC,IE,2010,5.755,
dataflow,ESTAT:SDG_07_40(1.0),A,REN,PC,IE,2011,6.605,
dataflow,ESTAT:SDG_07_40(1.0),A,REN,PC,IE,2012,7.029,
dataflow,ESTAT:SDG_07_40(1.0),A,REN,PC,IE,2013,7.521,
dataflow,ESTAT:SDG_07_40(1.0),A,REN,PC,IE,2014,8.516,
dataflow,ESTAT:SDG_07_40(1.0),A,REN,PC,IE,2015,9.083,
dataflow,ESTAT:SDG_07_40(1.0),A,REN,PC,IE,2016,9.189,
dataflow,ESTAT:SDG_07_40(1.0),A,REN,PC,IE,2017,10.52,
dataflow,ESTAT:SDG_07_40(1.0),A,REN,PC,IE,2018,10.942,
dataflow,ESTAT:SDG_07_40(1.0),A,REN,PC,IE,2019,11.979,
dataflow,ESTAT:SDG_07_40(1.0),A,REN,PC,IE,2020,16.16,
dataflow,ESTAT:SDG_07_40(1.0),A,REN,PC,IE,2021,12.376,
dataflow,ESTAT:SDG_07_40(1.0),A,REN,PC,IE,2022,13.107,
dataflow,ESTAT:SDG_07_40(1.0),A,REN,PC,IS,2004,58.899,
dataflow,ESTAT:SDG_07_40(1.0),A,REN,PC,IS,2005,60.27,
dataflow,ESTAT:SDG_07_40(1.0),A,REN,PC,IS,2006,60.921,
dataflow,ESTAT:SDG_07_40(1.0),A,REN,PC,IS,2007,71.925,
dataflow,ESTAT:SDG_07_40(1.0),A,REN,PC,IS,2008,67.981,
dataflow,ESTAT:SDG_07_40(1.0),A,REN,PC,IS,2009,70.238,
dataflow,ESTAT:SDG_07_40(1.0),A,REN,PC,IS,2010,70.909,
dataflow,ESTAT:SDG_07_40(1.0),A,REN,PC,IS,2011,72.298,
dataflow,ESTAT:SDG_07_40(1.0),A,REN,PC,IS,2012,73.727,
dataflow,ESTAT:SDG_07_40(1.0),A,REN,PC,IS,2013,73.787,
dataflow,ESTAT:SDG_07_40(1.0),A,REN,PC,IS,2014,73.043,
dataflow,ESTAT:SDG_07_40(1.0),A,REN,PC,IS,2015,71.949,
dataflow,ESTAT:SDG_07_40(1.0),A,REN,PC,IS,2016,75.329,
dataflow,ESTAT:SDG_07_40(1.0),A,REN,PC,IS,2017,74.104,
dataflow,ESTAT:SDG_07_40(1.0),A,REN,PC,IS,2018,77.173,
dataflow,ESTAT:SDG_07_40(1.0),A,REN,PC,IS,2019,78.612,
dataflow,ESTAT:SDG_07_40(1.0),A,REN,PC,IS,2020,83.725,
dataflow,ESTAT:SDG_07_40(1.0),A,REN,PC,IS,2021,80.185,
dataflow,ESTAT:SDG_07_40(1.0),A,REN,PC,IS,2022,79.475,
dataflow,ESTAT:SDG_07_40(1.0),A,REN,PC,IT,2004,6.316,
dataflow,ESTAT:SDG_07_40(1.0),A,REN,PC,IT,2005,7.549,
dataflow,ESTAT:SDG_07_40(1.0),A,REN,PC,IT,2006,8.328,
dataflow,ESTAT:SDG_07_40(1.0),A,REN,PC,IT,2007,9.807,
dataflow,ESTAT:SDG_07_40(1.0),A,REN,PC,IT,2008,11.492,
dataflow,ESTAT:SDG_07_40(1.0),A,REN,PC,IT,2009,12.775,
dataflow,ESTAT:SDG_07_40(1.0),A,REN,PC,IT,2010,13.023,
dataflow,ESTAT:SDG_07_40(1.0),A,REN,PC,IT,2011,12.881,
dataflow,ESTAT:SDG_07_40(1.0),A,REN,PC,IT,2012,15.441,
dataflow,ESTAT:SDG_07_40(1.0),A,REN,PC,IT,2013,16.741,
dataflow,ESTAT:SDG_07_40(1.0),A,REN,PC,IT,2014,17.082,
dataflow,ESTAT:SDG_07_40(1.0),A,REN,PC,IT,2015,17.525,
dataflow,ESTAT:SDG_07_40(1.0),A,REN,PC,IT,2016,17.415,
dataflow,ESTAT:SDG_07_40(1.0),A,REN,PC,IT,2017,18.267,
dataflow,ESTAT:SDG_07_40(1.0),A,REN,PC,IT,2018,17.796,
dataflow,ESTAT:SDG_07_40(1.0),A,REN,PC,IT,2019,18.181,
dataflow,ESTAT:SDG_07_40(1.0),A,REN,PC,IT,2020,20.359,
dataflow,ESTAT:SDG_07_40(1.0),A,REN,PC,IT,2021,18.883,
dataflow,ESTAT:SDG_07_40(1.0),A,REN,PC,IT,2022,19.131,
dataflow,ESTAT:SDG_07_40(1.0),A,REN,PC,LT,2004,17.221,
dataflow,ESTAT:SDG_07_40(1.0),A,REN,PC,LT,2005,16.768,
dataflow,ESTAT:SDG_07_40(1.0),A,REN,PC,LT,2006,16.887,
dataflow,ESTAT:SDG_07_40(1.0),A,REN,PC,LT,2007,16.482,
dataflow,ESTAT:SDG_07_40(1.0),A,REN,PC,LT,2008,17.824,
dataflow,ESTAT:SDG_07_40(1.0),A,REN,PC,LT,2009,19.798,
dataflow,ESTAT:SDG_07_40(1.0),A,REN,PC,LT,2010,19.639,
dataflow,ESTAT:SDG_07_40(1.0),A,REN,PC,LT,2011,19.943,
dataflow,ESTAT:SDG_07_40(1.0),A,REN,PC,LT,2012,21.437,
dataflow,ESTAT:SDG_07_40(1.0),A,REN,PC,LT,2013,22.689,
dataflow,ESTAT:SDG_07_40(1.0),A,REN,PC,LT,2014,23.592,
dataflow,ESTAT:SDG_07_40(1.0),A,REN,PC,LT,2015,25.748,
dataflow,ESTAT:SDG_07_40(1.0),A,REN,PC,LT,2016,25.612,
dataflow,ESTAT:SDG_07_40(1.0),A,REN,PC,LT,2017,26.038,
dataflow,ESTAT:SDG_07_40(1.0),A,REN,PC,LT,2018,24.695,
dataflow,ESTAT:SDG_07_40(1.0),A,REN,PC,LT,2019,25.474,
dataflow,ESTAT:SDG_07_40(1.0),A,REN,PC,LT,2020,26.773,
dataflow,ESTAT:SDG_07_40(1.0),A,REN,PC,LT,2021,28.166,
dataflow,ESTAT:SDG_07_40(1.0),A,REN,PC,LT,2022,29.599,
dataflow,ESTAT:SDG_07_40(1.0),A,REN,PC,LU,2004,0.899,
dataflow,ESTAT:SDG_07_40(1.0),A,REN,PC,LU,2005,1.402,
dataflow,ESTAT:SDG_07_40(1.0),A,REN,PC,LU,2006,1.469,
dataflow,ESTAT:SDG_07_40(1.0),A,REN,PC,LU,2007,2.725,
dataflow,ESTAT:SDG_07_40(1.0),A,REN,PC,LU,2008,2.809,
dataflow,ESTAT:SDG_07_40(1.0),A,REN,PC,LU,2009,2.929,
dataflow,ESTAT:SDG_07_40(1.0),A,REN,PC,LU,2010,2.851,
dataflow,ESTAT:SDG_07_40(1.0),A,REN,PC,LU,2011,2.855,
dataflow,ESTAT:SDG_07_40(1.0),A,REN,PC,LU,2012,3.112,
dataflow,ESTAT:SDG_07_40(1.0),A,REN,PC,LU,2013,3.494,
dataflow,ESTAT:SDG_07_40(1.0),A,REN,PC,LU,2014,4.471,
dataflow,ESTAT:SDG_07_40(1.0),A,REN,PC,LU,2015,4.987,
dataflow,ESTAT:SDG_07_40(1.0),A,REN,PC,LU,2016,5.364,
dataflow,ESTAT:SDG_07_40(1.0),A,REN,PC,LU,2017,6.194,
dataflow,ESTAT:SDG_07_40(1.0),A,REN,PC,LU,2018,8.942,
dataflow,ESTAT:SDG_07_40(1.0),A,REN,PC,LU,2019,7.046,
dataflow,ESTAT:SDG_07_40(1.0),A,REN,PC,LU,2020,11.699,
dataflow,ESTAT:SDG_07_40(1.0),A,REN,PC,LU,2021,11.73,
dataflow,ESTAT:SDG_07_40(1.0),A,REN,PC,LU,2022,14.356,
dataflow,ESTAT:SDG_07_40(1.0),A,REN,PC,LV,2004,32.794,
dataflow,ESTAT:SDG_07_40(1.0),A,REN,PC,LV,2005,32.264,
dataflow,ESTAT:SDG_07_40(1.0),A,REN,PC,LV,2006,31.141,
dataflow,ESTAT:SDG_07_40(1.0),A,REN,PC,LV,2007,29.615,
dataflow,ESTAT:SDG_07_40(1.0),A,REN,PC,LV,2008,29.811,
dataflow,ESTAT:SDG_07_40(1.0),A,REN,PC,LV,2009,34.317,
dataflow,ESTAT:SDG_07_40(1.0),A,REN,PC,LV,2010,30.375,
dataflow,ESTAT:SDG_07_40(1.0),A,REN,PC,LV,2011,33.478,
dataflow,ESTAT:SDG_07_40(1.0),A,REN,PC,LV,2012,35.709,
dataflow,ESTAT:SDG_07_40(1.0),A,REN,PC,LV,2013,37.037,
dataflow,ESTAT:SDG_07_40(1.0),A,REN,PC,LV,2014,38.629,
dataflow,ESTAT:SDG_07_40(1.0),A,REN,PC,LV,2015,37.538,
dataflow,ESTAT:SDG_07_40(1.0),A,REN,PC,LV,2016,37.138,
dataflow,ESTAT:SDG_07_40(1.0),A,REN,PC,LV,2017,39.008,
dataflow,ESTAT:SDG_07_40(1.0),A,REN,PC,LV,2018,40.019,
dataflow,ESTAT:SDG_07_40(1.0),A,REN,PC,LV,2019,40.929,
dataflow,ESTAT:SDG_07_40(1.0),A,REN,PC,LV,2020,42.132,
dataflow,ESTAT:SDG_07_40(1.0),A,REN,PC,LV,2021,42.098,
dataflow,ESTAT:SDG_07_40(1.0),A,REN,PC,LV,2022,43.316,
dataflow,ESTAT:SDG_07_40(1.0),A,REN,PC,ME,2005,35.694,
dataflow,ESTAT:SDG_07_40(1.0),A,REN,PC,ME,2006,34.842,
dataflow,ESTAT:SDG_07_40(1.0),A,REN,PC,ME,2007,32.925,
dataflow,ESTAT:SDG_07_40(1.0),A,REN,PC,ME,2008,32.29,
dataflow,ESTAT:SDG_07_40(1.0),A,REN,PC,ME,2009,39.371,
dataflow,ESTAT:SDG_07_40(1.0),A,REN,PC,ME,2010,40.64,
dataflow,ESTAT:SDG_07_40(1.0),A,REN,PC,ME,2011,40.648,
dataflow,ESTAT:SDG_07_40(1.0),A,REN,PC,ME,2012,41.513,
dataflow,ESTAT:SDG_07_40(1.0),A,REN,PC,ME,2013,43.696,
dataflow,ESTAT:SDG_07_40(1.0),A,REN,PC,ME,2014,44.098,
dataflow,ESTAT:SDG_07_40(1.0),A,REN,PC,ME,2015,43.073,
dataflow,ESTAT:SDG_07_40(1.0),A,REN,PC,ME,2016,41.529,
dataflow,ESTAT:SDG_07_40(1.0),A,REN,PC,ME,2017,39.693,
dataflow,ESTAT:SDG_07_40(1.0),A,REN,PC,ME,2018,38.801,
dataflow,ESTAT:SDG_07_40(1.0),A,REN,PC,ME,2019,37.722,
dataflow,ESTAT:SDG_07_40(1.0),A,REN,PC,ME,2020,43.77,
dataflow,ESTAT:SDG_07_40(1.0),A,REN,PC,ME,2021,39.891,
dataflow,ESTAT:SDG_07_40(1.0),A,REN,PC,ME,2022,39.944,
dataflow,ESTAT:SDG_07_40(1.0),A,REN,PC,MK,2004,15.702,
dataflow,ESTAT:SDG_07_40(1.0),A,REN,PC,MK,2005,16.466,
dataflow,ESTAT:SDG_07_40(1.0),A,REN,PC,MK,2006,16.527,
dataflow,ESTAT:SDG_07_40(1.0),A,REN,PC,MK,2007,14.976,
dataflow,ESTAT:SDG_07_40(1.0),A,REN,PC,MK,2008,15.555,
dataflow,ESTAT:SDG_07_40(1.0),A,REN,PC,MK,2009,17.238,
dataflow,ESTAT:SDG_07_40(1.0),A,REN,PC,MK,2010,16.451,
dataflow,ESTAT:SDG_07_40(1.0),A,REN,PC,MK,2011,16.407,
dataflow,ESTAT:SDG_07_40(1.0),A,REN,PC,MK,2012,18.128,
dataflow,ESTAT:SDG_07_40(1.0),A,REN,PC,MK,2013,18.509,
dataflow,ESTAT:SDG_07_40(1.0),A,REN,PC,MK,2014,19.559,
dataflow,ESTAT:SDG_07_40(1.0),A,REN,PC,MK,2015,19.526,
dataflow,ESTAT:SDG_07_40(1.0),A,REN,PC,MK,2016,18.044,
dataflow,ESTAT:SDG_07_40(1.0),A,REN,PC,MK,2017,19.636,
dataflow,ESTAT:SDG_07_40(1.0),A,REN,PC,MK,2018,18.179,
dataflow,ESTAT:SDG_07_40(1.0),A,REN,PC,MK,2019,17.485,
dataflow,ESTAT:SDG_07_40(1.0),A,REN,PC,MK,2020,19.222,
dataflow,ESTAT:SDG_07_40(1.0),A,REN,PC,MK,2021,17.468,
dataflow,ESTAT:SDG_07_40(1.0),A,REN,PC,MK,2022,18.682,
dataflow,ESTAT:SDG_07_40(1.0),A,REN,PC,MT,2004,0.102,
dataflow,ESTAT:SDG_07_40(1.0),A,REN,PC,MT,2005,0.123,
dataflow,ESTAT:SDG_07_40(1.0),A,REN,PC,MT,2006,0.149,
dataflow,ESTAT:SDG_07_40(1.0),A,REN,PC,MT,2007,0.177,
dataflow,ESTAT:SDG_07_40(1.0),A,REN,PC,MT,2008,0.195,
dataflow,ESTAT:SDG_07_40(1.0),A,REN,PC,MT,2009,0.221,
dataflow,ESTAT:SDG_07_40(1.0),A,REN,PC,MT,2010,0.979,
dataflow,ESTAT:SDG_07_40(1.0),A,REN,PC,MT,2011,1.85,
dataflow,ESTAT:SDG_07_40(1.0),A,REN,PC,MT,2012,2.862,
dataflow,ESTAT:SDG_07_40(1.0),A,REN,PC,MT,2013,3.76,
dataflow,ESTAT:SDG_07_40(1.0),A,REN,PC,MT,2014,4.744,
dataflow,ESTAT:SDG_07_40(1.0),A,REN,PC,MT,2015,5.119,
dataflow,ESTAT:SDG_07_40(1.0),A,REN,PC,MT,2016,6.208,
dataflow,ESTAT:SDG_07_40(1.0),A,REN,PC,MT,2017,7.219,
dataflow,ESTAT:SDG_07_40(1.0),A,REN,PC,MT,2018,7.914,
dataflow,ESTAT:SDG_07_40(1.0),A,REN,PC,MT,2019,8.23,
dataflow,ESTAT:SDG_07_40(1.0),A,REN,PC,MT,2020,10.714,
dataflow,ESTAT:SDG_07_40(1.0),A,REN,PC,MT,2021,12.672,
dataflow,ESTAT:SDG_07_40(1.0),A,REN,PC,MT,2022,13.404,
dataflow,ESTAT:SDG_07_40(1.0),A,REN,PC,NL,2004,2.03,
dataflow,ESTAT:SDG_07_40(1.0),A,REN,PC,NL,2005,2.478,
dataflow,ESTAT:SDG_07_40(1.0),A,REN,PC,NL,2006,2.778,
dataflow,ESTAT:SDG_07_40(1.0),A,REN,PC,NL,2007,3.298,
dataflow,ESTAT:SDG_07_40(1.0),A,REN,PC,NL,2008,3.596,
dataflow,ESTAT:SDG_07_40(1.0),A,REN,PC,NL,2009,4.266,
dataflow,ESTAT:SDG_07_40(1.0),A,REN,PC,NL,2010,3.917,
dataflow,ESTAT:SDG_07_40(1.0),A,REN,PC,NL,2011,4.524,
dataflow,ESTAT:SDG_07_40(1.0),A,REN,PC,NL,2012,4.659,
dataflow,ESTAT:SDG_07_40(1.0),A,REN,PC,NL,2013,4.691,
dataflow,ESTAT:SDG_07_40(1.0),A,REN,PC,NL,2014,5.415,
dataflow,ESTAT:SDG_07_40(1.0),A,REN,PC,NL,2015,5.714,
dataflow,ESTAT:SDG_07_40(1.0),A,REN,PC,NL,2016,5.846,
dataflow,ESTAT:SDG_07_40(1.0),A,REN,PC,NL,2017,6.507,
dataflow,ESTAT:SDG_07_40(1.0),A,REN,PC,NL,2018,7.394,
dataflow,ESTAT:SDG_07_40(1.0),A,REN,PC,NL,2019,8.886,
dataflow,ESTAT:SDG_07_40(1.0),A,REN,PC,NL,2020,13.999,
dataflow,ESTAT:SDG_07_40(1.0),A,REN,PC,NL,2021,12.988,
dataflow,ESTAT:SDG_07_40(1.0),A,REN,PC,NL,2022,14.972,
dataflow,ESTAT:SDG_07_40(1.0),A,REN,PC,NO,2004,58.417,
dataflow,ESTAT:SDG_07_40(1.0),A,REN,PC,NO,2005,60.069,
dataflow,ESTAT:SDG_07_40(1.0),A,REN,PC,NO,2006,60.521,
dataflow,ESTAT:SDG_07_40(1.0),A,REN,PC,NO,2007,60.398,
dataflow,ESTAT:SDG_07_40(1.0),A,REN,PC,NO,2008,62.003,
dataflow,ESTAT:SDG_07_40(1.0),A,REN,PC,NO,2009,65.071,
dataflow,ESTAT:SDG_07_40(1.0),A,REN,PC,NO,2010,61.889,
dataflow,ESTAT:SDG_07_40(1.0),A,REN,PC,NO,2011,64.638,
dataflow,ESTAT:SDG_07_40(1.0),A,REN,PC,NO,2012,64.932,
dataflow,ESTAT:SDG_07_40(1.0),A,REN,PC,NO,2013,66.48,
dataflow,ESTAT:SDG_07_40(1.0),A,REN,PC,NO,2014,68.406,
dataflow,ESTAT:SDG_07_40(1.0),A,REN,PC,NO,2015,68.545,
dataflow,ESTAT:SDG_07_40(1.0),A,REN,PC,NO,2016,69.235,
dataflow,ESTAT:SDG_07_40(1.0),A,REN,PC,NO,2017,70.036,
dataflow,ESTAT:SDG_07_40(1.0),A,REN,PC,NO,2018,71.566,
dataflow,ESTAT:SDG_07_40(1.0),A,REN,PC,NO,2019,74.406,
dataflow,ESTAT:SDG_07_40(1.0),A,REN,PC,NO,2020,77.358,
dataflow,ESTAT:SDG_07_40(1.0),A,REN,PC,NO,2021,74.034,
dataflow,ESTAT:SDG_07_40(1.0),A,REN,PC,NO,2022,75.82,
dataflow,ESTAT:SDG_07_40(1.0),A,REN,PC,PL,2004,6.882,
dataflow,ESTAT:SDG_07_40(1.0),A,REN,PC,PL,2005,6.867,
dataflow,ESTAT:SDG_07_40(1.0),A,REN,PC,PL,2006,6.859,
dataflow,ESTAT:SDG_07_40(1.0),A,REN,PC,PL,2007,6.903,
dataflow,ESTAT:SDG_07_40(1.0),A,REN,PC,PL,2008,7.686,
dataflow,ESTAT:SDG_07_40(1.0),A,REN,PC,PL,2009,8.676,
dataflow,ESTAT:SDG_07_40(1.0),A,REN,PC,PL,2010,9.281,
dataflow,ESTAT:SDG_07_40(1.0),A,REN,PC,PL,2011,10.337,
dataflow,ESTAT:SDG_07_40(1.0),A,REN,PC,PL,2012,10.955,
dataflow,ESTAT:SDG_07_40(1.0),A,REN,PC,PL,2013,11.452,
dataflow,ESTAT:SDG_07_40(1.0),A,REN,PC,PL,2014,11.605,
dataflow,ESTAT:SDG_07_40(1.0),A,REN,PC,PL,2015,11.881,
dataflow,ESTAT:SDG_07_40(1.0),A,REN,PC,PL,2016,11.396,
dataflow,ESTAT:SDG_07_40(1.0),A,REN,PC,PL,2017,11.059,
dataflow,ESTAT:SDG_07_40(1.0),A,REN,PC,PL,2018,14.936,
dataflow,ESTAT:SDG_07_40(1.0),A,REN,PC,PL,2019,15.377,
dataflow,ESTAT:SDG_07_40(1.0),A,REN,PC,PL,2020,16.102,
dataflow,ESTAT:SDG_07_40(1.0),A,REN,PC,PL,2021,15.613,
dataflow,ESTAT:SDG_07_40(1.0),A,REN,PC,PL,2022,16.879,
dataflow,ESTAT:SDG_07_40(1.0),A,REN,PC,PT,2004,19.205,
dataflow,ESTAT:SDG_07_40(1.0),A,REN,PC,PT,2005,19.523,
dataflow,ESTAT:SDG_07_40(1.0),A,REN,PC,PT,2006,20.792,
dataflow,ESTAT:SDG_07_40(1.0),A,REN,PC,PT,2007,21.907,
dataflow,ESTAT:SDG_07_40(1.0),A,REN,PC,PT,2008,22.929,
dataflow,ESTAT:SDG_07_40(1.0),A,REN,PC,PT,2009,24.405,
dataflow,ESTAT:SDG_07_40(1.0),A,REN,PC,PT,2010,24.15,
dataflow,ESTAT:SDG_07_40(1.0),A,REN,PC,PT,2011,24.603,
dataflow,ESTAT:SDG_07_40(1.0),A,REN,PC,PT,2012,24.574,
dataflow,ESTAT:SDG_07_40(1.0),A,REN,PC,PT,2013,25.699,
dataflow,ESTAT:SDG_07_40(1.0),A,REN,PC,PT,2014,29.508,
dataflow,ESTAT:SDG_07_40(1.0),A,REN,PC,PT,2015,30.514,
dataflow,ESTAT:SDG_07_40(1.0),A,REN,PC,PT,2016,30.864,
dataflow,ESTAT:SDG_07_40(1.0),A,REN,PC,PT,2017,30.611,
dataflow,ESTAT:SDG_07_40(1.0),A,REN,PC,PT,2018,30.203,
dataflow,ESTAT:SDG_07_40(1.0),A,REN,PC,PT,2019,30.623,
dataflow,ESTAT:SDG_07_40(1.0),A,REN,PC,PT,2020,33.982,
dataflow,ESTAT:SDG_07_40(1.0),A,REN,PC,PT,2021,33.982,
dataflow,ESTAT:SDG_07_40(1.0),A,REN,PC,PT,2022,34.677,
dataflow,ESTAT:SDG_07_40(1.0),A,REN,PC,RO,2004,16.811,
dataflow,ESTAT:SDG_07_40(1.0),A,REN,PC,RO,2005,17.571,
dataflow,ESTAT:SDG_07_40(1.0),A,REN,PC,RO,2006,17.096,
dataflow,ESTAT:SDG_07_40(1.0),A,REN,PC,RO,2007,18.195,
dataflow,ESTAT:SDG_07_40(1.0),A,REN,PC,RO,2008,20.204,
dataflow,ESTAT:SDG_07_40(1.0),A,REN,PC,RO,2009,22.157,
dataflow,ESTAT:SDG_07_40(1.0),A,REN,PC,RO,2010,22.834,
dataflow,ESTAT:SDG_07_40(1.0),A,REN,PC,RO,2011,21.743,
dataflow,ESTAT:SDG_07_40(1.0),A,REN,PC,RO,2012,22.825,
dataflow,ESTAT:SDG_07_40(1.0),A,REN,PC,RO,2013,23.886,
dataflow,ESTAT:SDG_07_40(1.0),A,REN,PC,RO,2014,24.845,
dataflow,ESTAT:SDG_07_40(1.0),A,REN,PC,RO,2015,24.785,
dataflow,ESTAT:SDG_07_40(1.0),A,REN,PC,RO,2016,25.032,
dataflow,ESTAT:SDG_07_40(1.0),A,REN,PC,RO,2017,24.454,
dataflow,ESTAT:SDG_07_40(1.0),A,REN,PC,RO,2018,23.875,
dataflow,ESTAT:SDG_07_40(1.0),A,REN,PC,RO,2019,24.29,
dataflow,ESTAT:SDG_07_40(1.0),A,REN,PC,RO,2020,24.478,
dataflow,ESTAT:SDG_07_40(1.0),A,REN,PC,RO,2021,23.871,
dataflow,ESTAT:SDG_07_40(1.0),A,REN,PC,RO,2022,24.14,
dataflow,ESTAT:SDG_07_40(1.0),A,REN,PC,RS,2004,12.724,
dataflow,ESTAT:SDG_07_40(1.0),A,REN,PC,RS,2005,14.257,
dataflow,ESTAT:SDG_07_40(1.0),A,REN,PC,RS,2006,14.542,
dataflow,ESTAT:SDG_07_40(1.0),A,REN,PC,RS,2007,14.327,
dataflow,ESTAT:SDG_07_40(1.0),A,REN,PC,RS,2008,15.888,
dataflow,ESTAT:SDG_07_40(1.0),A,REN,PC,RS,2009,21.024,
dataflow,ESTAT:SDG_07_40(1.0),A,REN,PC,RS,2010,19.763,
dataflow,ESTAT:SDG_07_40(1.0),A,REN,PC,RS,2011,19.118,
dataflow,ESTAT:SDG_07_40(1.0),A,REN,PC,RS,2012,20.79,
dataflow,ESTAT:SDG_07_40(1.0),A,REN,PC,RS,2013,21.095,
dataflow,ESTAT:SDG_07_40(1.0),A,REN,PC,RS,2014,22.864,
dataflow,ESTAT:SDG_07_40(1.0),A,REN,PC,RS,2015,21.989,
dataflow,ESTAT:SDG_07_40(1.0),A,REN,PC,RS,2016,21.147,
dataflow,ESTAT:SDG_07_40(1.0),A,REN,PC,RS,2017,20.287,
dataflow,ESTAT:SDG_07_40(1.0),A,REN,PC,RS,2018,20.32,
dataflow,ESTAT:SDG_07_40(1.0),A,REN,PC,RS,2019,21.443,
dataflow,ESTAT:SDG_07_40(1.0),A,REN,PC,RS,2020,26.297,
dataflow,ESTAT:SDG_07_40(1.0),A,REN,PC,RS,2021,25.255,
dataflow,ESTAT:SDG_07_40(1.0),A,REN,PC,RS,2022,24.67,
dataflow,ESTAT:SDG_07_40(1.0),A,REN,PC,SE,2004,38.427,
dataflow,ESTAT:SDG_07_40(1.0),A,REN,PC,SE,2005,39.982,
dataflow,ESTAT:SDG_07_40(1.0),A,REN,PC,SE,2006,41.734,
dataflow,ESTAT:SDG_07_40(1.0),A,REN,PC,SE,2007,43.224,
dataflow,ESTAT:SDG_07_40(1.0),A,REN,PC,SE,2008,43.922,
dataflow,ESTAT:SDG_07_40(1.0),A,REN,PC,SE,2009,47.024,
dataflow,ESTAT:SDG_07_40(1.0),A,REN,PC,SE,2010,46.099,
dataflow,ESTAT:SDG_07_40(1.0),A,REN,PC,SE,2011,47.632,
dataflow,ESTAT:SDG_07_40(1.0),A,REN,PC,SE,2012,49.403,
dataflow,ESTAT:SDG_07_40(1.0),A,REN,PC,SE,2013,50.153,
dataflow,ESTAT:SDG_07_40(1.0),A,REN,PC,SE,2014,51.151,
dataflow,ESTAT:SDG_07_40(1.0),A,REN,PC,SE,2015,52.22,
dataflow,ESTAT:SDG_07_40(1.0),A,REN,PC,SE,2016,52.597,
dataflow,ESTAT:SDG_07_40(1.0),A,REN,PC,SE,2017,53.39,
dataflow,ESTAT:SDG_07_40(1.0),A,REN,PC,SE,2018,53.916,
dataflow,ESTAT:SDG_07_40(1.0),A,REN,PC,SE,2019,55.785,
dataflow,ESTAT:SDG_07_40(1.0),A,REN,PC,SE,2020,60.124,
dataflow,ESTAT:SDG_07_40(1.0),A,REN,PC,SE,2021,62.686,
dataflow,ESTAT:SDG_07_40(1.0),A,REN,PC,SE,2022,66.002,
dataflow,ESTAT:SDG_07_40(1.0),A,REN,PC,SI,2004,18.397,
dataflow,ESTAT:SDG_07_40(1.0),A,REN,PC,SI,2005,19.809,
dataflow,ESTAT:SDG_07_40(1.0),A,REN,PC,SI,2006,18.416,
dataflow,ESTAT:SDG_07_40(1.0),A,REN,PC,SI,2007,19.675,
dataflow,ESTAT:SDG_07_40(1.0),A,REN,PC,SI,2008,18.646,
dataflow,ESTAT:SDG_07_40(1.0),A,REN,PC,SI,2009,20.765,
dataflow,ESTAT:SDG_07_40(1.0),A,REN,PC,SI,2010,21.081,
dataflow,ESTAT:SDG_07_40(1.0),A,REN,PC,SI,2011,20.937,
dataflow,ESTAT:SDG_07_40(1.0),A,REN,PC,SI,2012,21.551,
dataflow,ESTAT:SDG_07_40(1.0),A,REN,PC,SI,2013,23.16,
dataflow,ESTAT:SDG_07_40(1.0),A,REN,PC,SI,2014,22.459,
dataflow,ESTAT:SDG_07_40(1.0),A,REN,PC,SI,2015,22.879,
dataflow,ESTAT:SDG_07_40(1.0),A,REN,PC,SI,2016,21.975,
dataflow,ESTAT:SDG_07_40(1.0),A,REN,PC,SI,2017,21.658,
dataflow,ESTAT:SDG_07_40(1.0),A,REN,PC,SI,2018,21.378,
dataflow,ESTAT:SDG_07_40(1.0),A,REN,PC,SI,2019,21.968,
dataflow,ESTAT:SDG_07_40(1.0),A,REN,PC,SI,2020,25,
dataflow,ESTAT:SDG_07_40(1.0),A,REN,PC,SI,2021,25,
dataflow,ESTAT:SDG_07_40(1.0),A,REN,PC,SI,2022,25.002,
dataflow,ESTAT:SDG_07_40(1.0),A,REN,PC,SK,2004,6.391,
dataflow,ESTAT:SDG_07_40(1.0),A,REN,PC,SK,2005,6.36,
dataflow,ESTAT:SDG_07_40(1.0),A,REN,PC,SK,2006,6.584,
dataflow,ESTAT:SDG_07_40(1.0),A,REN,PC,SK,2007,7.766,
dataflow,ESTAT:SDG_07_40(1.0),A,REN,PC,SK,2008,7.723,
dataflow,ESTAT:SDG_07_40(1.0),A,REN,PC,SK,2009,9.368,
dataflow,ESTAT:SDG_07_40(1.0),A,REN,PC,SK,2010,9.099,
dataflow,ESTAT:SDG_07_40(1.0),A,REN,PC,SK,2011,10.348,
dataflow,ESTAT:SDG_07_40(1.0),A,REN,PC,SK,2012,10.453,
dataflow,ESTAT:SDG_07_40(1.0),A,REN,PC,SK,2013,10.133,
dataflow,ESTAT:SDG_07_40(1.0),A,REN,PC,SK,2014,11.713,
dataflow,ESTAT:SDG_07_40(1.0),A,REN,PC,SK,2015,12.882,
dataflow,ESTAT:SDG_07_40(1.0),A,REN,PC,SK,2016,12.029,
dataflow,ESTAT:SDG_07_40(1.0),A,REN,PC,SK,2017,11.465,
dataflow,ESTAT:SDG_07_40(1.0),A,REN,PC,SK,2018,11.896,
dataflow,ESTAT:SDG_07_40(1.0),A,REN,PC,SK,2019,16.894,
dataflow,ESTAT:SDG_07_40(1.0),A,REN,PC,SK,2020,17.345,
dataflow,ESTAT:SDG_07_40(1.0),A,REN,PC,SK,2021,17.419,
dataflow,ESTAT:SDG_07_40(1.0),A,REN,PC,SK,2022,17.501,
dataflow,ESTAT:SDG_07_40(1.0),A,REN,PC,XK,2004,20.541,
dataflow,ESTAT:SDG_07_40(1.0),A,REN,PC,XK,2005,19.773,
dataflow,ESTAT:SDG_07_40(1.0),A,REN,PC,XK,2006,19.511,
dataflow,ESTAT:SDG_07_40(1.0),A,REN,PC,XK,2007,18.812,
dataflow,ESTAT:SDG_07_40(1.0),A,REN,PC,XK,2008,18.429,
dataflow,ESTAT:SDG_07_40(1.0),A,REN,PC,XK,2009,18.23,
dataflow,ESTAT:SDG_07_40(1.0),A,REN,PC,XK,2010,18.23,
dataflow,ESTAT:SDG_07_40(1.0),A,REN,PC,XK,2011,17.598,
dataflow,ESTAT:SDG_07_40(1.0),A,REN,PC,XK,2012,18.625,
dataflow,ESTAT:SDG_07_40(1.0),A,REN,PC,XK,2013,18.823,
dataflow,ESTAT:SDG_07_40(1.0),A,REN,PC,XK,2014,19.544,
dataflow,ESTAT:SDG_07_40(1.0),A,REN,PC,XK,2015,18.484,
dataflow,ESTAT:SDG_07_40(1.0),A,REN,PC,XK,2016,24.472,
dataflow,ESTAT:SDG_07_40(1.0),A,REN,PC,XK,2017,23.082,
dataflow,ESTAT:SDG_07_40(1.0),A,REN,PC,XK,2018,24.616,
dataflow,ESTAT:SDG_07_40(1.0),A,REN,PC,XK,2019,24.215,
dataflow,ESTAT:SDG_07_40(1.0),A,REN,PC,XK,2020,24.401,
dataflow,ESTAT:SDG_07_40(1.0),A,REN,PC,XK,2021,22.14,
dataflow,ESTAT:SDG_07_40(1.0),A,REN,PC,XK,2022,18.779,
